Water Year,Interval Ending on Date,1,Rank,Interval Ending on Date,2,Rank,Interval Ending on Date,3,Rank,Interval Ending on Date,4,Rank,Interval Ending on Date,5,Rank,Interval Ending on Date,6,Rank,Interval Ending on Date,7,Rank,Interval Ending on Date,8,Rank,Interval Ending on Date,9,Rank,Interval Ending on Date,10,Rank,Interval Ending on Date,11,Rank,Interval Ending on Date,12,Rank,Interval Ending on Date,13,Rank,Interval Ending on Date,14,Rank,Interval Ending on Date,15,Rank,Interval Ending on Date,16,Rank,Interval Ending on Date,17,Rank,Interval Ending on Date,18,Rank,Interval Ending on Date,19,Rank,Interval Ending on Date,20,Rank,Interval Ending on Date,21,Rank,Interval Ending on Date,22,Rank,Interval Ending on Date,23,Rank,Interval Ending on Date,24,Rank,Interval Ending on Date,25,Rank,Interval Ending on Date,26,Rank,Interval Ending on Date,27,Rank,Interval Ending on Date,28,Rank,Interval Ending on Date,29,Rank,Interval Ending on Date,30,Rank,Interval Ending on Date,31,Rank,Interval Ending on Date,32,Rank,Interval Ending on Date,33,Rank,Interval Ending on Date,34,Rank,Interval Ending on Date,35,Rank,Interval Ending on Date,36,Rank,Interval Ending on Date,37,Rank,Interval Ending on Date,38,Rank,Interval Ending on Date,39,Rank,Interval Ending on Date,40,Rank,Interval Ending on Date,41,Rank,Interval Ending on Date,42,Rank,Interval Ending on Date,43,Rank,Interval Ending on Date,44,Rank,Interval Ending on Date,45,Rank,Interval Ending on Date,46,Rank,Interval Ending on Date,47,Rank,Interval Ending on Date,48,Rank,Interval Ending on Date,49,Rank,Interval Ending on Date,50,Rank,Interval Ending on Date,51,Rank,Interval Ending on Date,52,Rank,Interval Ending on Date,53,Rank,Interval Ending on Date,54,Rank,Interval Ending on Date,55,Rank,Interval Ending on Date,56,Rank,Interval Ending on Date,57,Rank,Interval Ending on Date,58,Rank,Interval Ending on Date,59,Rank,Interval Ending on Date,60,Rank,
1957,8/6/1958,2.01,32 ,8/7/1958,2.48,52 ,8/7/1958,2.48,103 ,8/7/1958,2.52,165 ,8/7/1958,2.52,249 ,8/8/1958,2.52,347 ,8/10/1958,2.55,456 ,10/23/1957,3.07,314 ,10/24/1957,3.56,223 ,10/24/1957,3.56,289 ,10/26/1957,3.56,363 ,10/24/1957,3.56,448 ,10/26/1957,3.56,553 ,10/29/1957,3.56,673 ,10/30/1957,3.62,769 ,10/31/1957,3.64,898 ,10/31/1957,3.64,1075 ,11/2/1957,3.64,1266 ,11/2/1957,3.64,1487 ,7/14/1958,3.8,1465 ,7/15/1958,4.08,1344 ,7/15/1958,4.19,1417 ,7/16/1958,4.2,1599 ,7/16/1958,4.2,1822 ,11/9/1957,4.36,1796 ,11/10/1957,4.36,2033 ,7/14/1958,4.42,2157 ,7/15/1958,4.7,1905 ,11/14/1957,5,1632 ,11/14/1957,5.8,929 ,11/15/1957,5.83,1028 ,11/16/1957,5.83,1162 ,11/15/1957,5.83,1306 ,11/18/1957,5.94,1340 ,11/19/1957,6.02,1385 ,8/7/1958,6.34,1169 ,8/7/1958,6.340001,1292 ,8/8/1958,6.340001,1439 ,8/10/1958,6.37,1542 ,8/11/1958,6.37,1698 ,8/11/1958,6.37,1858 ,8/12/1958,6.37,2021 ,8/6/1958,6.41,2127 ,8/7/1958,6.880001,1693 ,8/7/1958,6.99,1696 ,8/8/1958,6.99,1842 ,8/7/1958,6.99,2006 ,8/10/1958,7.02,2121 ,8/7/1958,7.11,2136 ,8/21/1958,7.300001,2044 ,8/7/1958,7.5,1998 ,8/8/1958,7.5,2139 ,8/9/1958,7.5,2289 ,8/10/1958,7.53,2409 ,8/10/1958,7.53,2564 ,8/7/1958,7.61,2622 ,8/7/1958,7.61,2798 ,8/21/1958,7.840001,2643 ,8/21/1958,7.950001,2648 ,8/7/1958,8.42,2152 ,,
1958,7/20/1959,1.85,47 ,7/20/1959,1.89,149 ,7/20/1959,2.33,136 ,7/21/1959,2.33,228 ,7/24/1959,2.43,276 ,7/23/1959,2.55,337 ,7/24/1959,2.91,266 ,7/24/1959,2.91,361 ,7/24/1959,2.91,478 ,7/29/1959,4.16,133 ,7/29/1959,4.2,165 ,7/29/1959,4.64,125 ,7/30/1959,4.64,158 ,7/31/1959,4.65,196 ,8/1/1959,4.65,242 ,8/1/1959,4.65,296 ,8/3/1959,4.65,363 ,8/4/1959,4.83,377 ,8/7/1959,5.71,177 ,8/8/1959,5.76,199 ,8/7/1959,6.19,169 ,8/8/1959,6.24,194 ,8/9/1959,6.24,233 ,8/10/1959,6.24,278 ,8/11/1959,6.24,325 ,8/11/1959,6.24,378 ,8/11/1959,6.24,436 ,8/7/1959,6.31,474 ,8/8/1959,6.36,511 ,8/16/1959,6.78,398 ,8/17/1959,6.79,460 ,8/18/1959,7.22,381 ,8/18/1959,7.22,437 ,8/19/1959,7.22,496 ,8/20/1959,7.22,553 ,8/22/1959,7.3,563 ,8/23/1959,7.3,621 ,8/23/1959,7.3,689 ,8/18/1959,7.34,759 ,8/18/1959,7.34,838 ,8/27/1959,7.4,894 ,8/28/1959,7.4,994 ,8/29/1959,7.510001,1016 ,8/30/1959,7.84,905 ,8/31/1959,7.84,1000 ,9/1/1959,7.84,1097 ,9/1/1959,7.84,1200 ,9/2/1959,7.84,1307 ,8/30/1959,7.840001,1408 ,9/5/1959,7.84,1519 ,8/30/1959,7.96,1529 ,8/30/1959,7.96,1641 ,9/1/1959,7.960001,1760 ,8/18/1959,8.04,1808 ,8/19/1959,8.040001,1923 ,8/18/1959,8.05,2054 ,8/18/1959,8.05,2192 ,8/18/1959,8.200001,2167 ,8/19/1959,8.2,2320 ,8/20/1959,8.200001,2470 ,,
1959,10/6/1959,2.38,19 ,10/6/1959,2.73,32 ,7/3/1960,3.13,38 ,7/4/1960,3.13,63 ,6/17/1960,3.95,34 ,6/17/1960,4.21,35 ,6/18/1960,4.21,51 ,6/17/1960,4.21,73 ,6/17/1960,4.21,94 ,6/22/1960,4.8,73 ,6/22/1960,5.06,69 ,6/23/1960,5.11,79 ,6/24/1960,5.21,89 ,6/24/1960,5.21,113 ,6/24/1960,5.21,141 ,6/24/1960,5.21,172 ,7/3/1960,5.460001,153 ,7/1/1960,5.76,141 ,7/1/1960,7.17,42 ,7/1/1960,7.43,41 ,7/3/1960,8.09,27 ,7/3/1960,8.35,27 ,7/3/1960,8.35,32 ,7/3/1960,8.35,37 ,7/5/1960,8.350001,40 ,7/7/1960,8.35,43 ,7/4/1960,8.350001,47 ,7/8/1960,8.35,57 ,7/3/1960,8.76,31 ,7/3/1960,8.76,40 ,7/3/1960,8.759999,54 ,7/3/1960,9.02,47 ,7/4/1960,9.02,62 ,7/4/1960,9.02,78 ,7/17/1960,9.330001,52 ,7/17/1960,9.59,55 ,7/18/1960,9.670001,65 ,7/18/1960,9.67,76 ,7/18/1960,9.670001,89 ,7/20/1960,9.670001,107 ,7/18/1960,9.670001,123 ,7/21/1960,9.67,143 ,7/17/1960,10,107 ,7/3/1960,10.13,110 ,7/3/1960,10.35,113 ,7/3/1960,10.36,130 ,7/3/1960,10.36,146 ,7/3/1960,10.43,164 ,7/17/1960,10.46,187 ,7/18/1960,10.54,205 ,7/17/1960,10.74,200 ,7/18/1960,10.82,214 ,7/18/1960,10.83,228 ,7/19/1960,10.83,251 ,7/3/1960,11.01,247 ,7/3/1960,11.08,264 ,7/4/1960,11.08,288 ,7/17/1960,11.37,250 ,7/17/1960,11.59,247 ,7/18/1960,11.67,254 ,,
1960,4/25/1961,1.82,51 ,4/26/1961,2.16,91 ,4/27/1961,2.16,177 ,4/28/1961,2.45,182 ,4/26/1961,2.66,203 ,4/27/1961,2.66,290 ,4/28/1961,2.95,254 ,4/28/1961,2.95,343 ,4/30/1961,2.95,454 ,4/25/1961,4.27,117 ,4/26/1961,4.61,104 ,4/26/1961,4.61,128 ,4/28/1961,4.9,129 ,4/29/1961,4.9,161 ,4/28/1961,4.9,196 ,4/28/1961,5.05,206 ,4/28/1961,5.06,243 ,4/29/1961,5.06,291 ,5/1/1961,5.17,316 ,5/1/1961,5.18,368 ,5/6/1961,5.42,335 ,5/7/1961,5.43,394 ,5/7/1961,5.43,468 ,5/9/1961,6.18,294 ,5/9/1961,6.18,349 ,5/11/1961,6.18,410 ,5/9/1961,6.33,407 ,5/9/1961,6.34,457 ,5/10/1961,6.340001,518 ,5/15/1961,6.360001,577 ,5/16/1961,6.36,656 ,5/17/1961,6.36,727 ,5/15/1961,6.51,737 ,5/15/1961,6.52,809 ,5/15/1961,6.52,906 ,5/15/1961,6.52,995 ,9/24/1961,6.64,1016 ,9/25/1961,6.960001,899 ,9/26/1961,6.970001,990 ,9/27/1961,6.97,1094 ,9/28/1961,7.05,1136 ,9/29/1961,7.05,1251 ,9/28/1961,7.050001,1365 ,9/4/1961,7.18,1371 ,9/5/1961,7.28,1408 ,9/6/1961,7.279999,1524 ,6/1/1961,8.58,681 ,6/1/1961,8.58,756 ,6/3/1961,8.690001,752 ,6/1/1961,8.73,804 ,6/1/1961,8.740002,867 ,6/3/1961,8.840001,855 ,6/3/1961,8.85,941 ,6/3/1961,8.85,1023 ,6/9/1961,9.150001,906 ,6/10/1961,9.150001,987 ,6/11/1961,9.48,860 ,6/12/1961,9.490001,934 ,6/13/1961,9.54,984 ,6/11/1961,9.629999,997 ,,
1961,9/14/1962,1.58,94 ,9/15/1962,1.58,291 ,11/16/1961,2.4,119 ,11/16/1961,2.41,192 ,11/17/1961,2.41,291 ,11/17/1961,2.41,419 ,11/18/1961,2.41,586 ,11/20/1961,2.41,790 ,9/17/1962,2.56,817 ,11/23/1961,2.73,832 ,7/3/1962,2.88,867 ,6/23/1962,3.01,905 ,6/23/1962,3.12,972 ,6/23/1962,3.46,765 ,7/3/1962,3.58,806 ,7/3/1962,3.82,740 ,7/3/1962,3.82,887 ,7/4/1962,3.82,1049 ,7/5/1962,3.82,1229 ,7/8/1962,3.85,1412 ,7/8/1962,4.09,1325 ,7/3/1962,4.84,707 ,7/3/1962,4.95,730 ,7/3/1962,5.29,626 ,7/3/1962,5.289999,731 ,7/5/1962,5.29,839 ,7/3/1962,5.29,959 ,7/3/1962,5.33,1030 ,7/3/1962,5.58,955 ,7/3/1962,5.68,1020 ,7/12/1962,5.73,1115 ,7/12/1962,5.839999,1150 ,7/12/1962,6.18,984 ,7/13/1962,6.18,1102 ,7/14/1962,6.22,1161 ,7/23/1962,6.299999,1213 ,7/23/1962,6.3,1347 ,7/12/1962,6.47,1284 ,7/12/1962,6.57,1320 ,7/21/1962,6.789999,1253 ,7/22/1962,7.029999,1166 ,7/23/1962,7.319999,1047 ,7/22/1962,7.48,1050 ,7/23/1962,7.77,966 ,7/23/1962,7.77,1068 ,7/25/1962,7.8,1147 ,7/26/1962,7.799999,1252 ,7/23/1962,7.809999,1342 ,7/23/1962,8.059999,1224 ,7/23/1962,8.16,1247 ,7/23/1962,8.159999,1353 ,7/25/1962,8.19,1435 ,7/26/1962,8.19,1536 ,7/26/1962,8.19,1653 ,7/29/1962,8.219999,1755 ,8/6/1962,8.619999,1483 ,8/6/1962,8.73,1490 ,8/6/1962,9.07,1239 ,8/7/1962,9.07,1352 ,8/7/1962,9.07,1448 ,,
1962,7/14/1963,1.26,197 ,7/15/1963,1.26,537 ,6/9/1963,1.35,813 ,6/10/1963,1.35,1269 ,4/23/1963,1.68,1048 ,4/23/1963,1.88,1053 ,4/24/1963,1.88,1415 ,4/23/1963,1.88,1833 ,4/26/1963,1.88,2298 ,5/18/1963,2.05,2236 ,5/18/1963,2.05,2736 ,4/30/1963,2.46,1890 ,4/30/1963,2.66,1762 ,4/30/1963,2.66,2120 ,4/30/1963,2.66,2517 ,5/4/1963,2.78,2585 ,5/4/1963,2.98,2389 ,5/10/1963,3.09,2468 ,5/10/1963,3.09,2843 ,5/18/1963,3.15,3079 ,5/13/1963,3.41,2591 ,5/10/1963,3.93,1769 ,5/10/1963,4.13,1700 ,5/10/1963,4.13,1935 ,5/13/1963,4.25,1980 ,5/13/1963,4.45,1871 ,5/14/1963,4.45,2097 ,5/13/1963,4.45,2333 ,5/13/1963,4.45,2591 ,5/18/1963,4.829999,2113 ,5/18/1963,5.03,1998 ,5/19/1963,5.03,2208 ,5/18/1963,5.03,2438 ,5/20/1963,5.03,2662 ,5/20/1963,5.03,2909 ,5/18/1963,5.03,3175 ,5/23/1963,5.03,3446 ,5/21/1963,5.03,3728 ,5/18/1963,5.03,4018 ,5/28/1963,5.07,4234 ,5/28/1963,5.27,4037 ,5/29/1963,5.27,4323 ,5/28/1963,5.27,4620 ,5/31/1963,5.27,4925 ,5/29/1963,5.27,5242 ,6/2/1963,5.27,5561 ,5/28/1963,5.27,5887 ,6/9/1963,5.58,5322 ,6/9/1963,5.58,5631 ,6/7/1963,6.03,4648 ,6/7/1963,6.23,4392 ,6/9/1963,6.42,4184 ,6/9/1963,6.619999,3881 ,6/9/1963,6.62,4153 ,6/10/1963,6.62,4414 ,6/11/1963,6.619999,4725 ,6/13/1963,6.66,4910 ,6/13/1963,6.659999,5223 ,6/13/1963,6.66,5524 ,6/13/1963,6.66,5821 ,,
1963,6/7/1964,1.39,142 ,4/3/1964,2.43,56 ,4/4/1964,2.43,111 ,4/3/1964,2.43,183 ,4/6/1964,2.69,197 ,4/6/1964,2.69,279 ,4/8/1964,2.74,347 ,4/9/1964,2.74,471 ,4/3/1964,3.15,360 ,4/3/1964,3.19,447 ,4/4/1964,3.19,558 ,4/6/1964,3.41,553 ,4/6/1964,3.45,637 ,4/8/1964,3.46,761 ,4/8/1964,3.5,900 ,4/10/1964,3.51,1057 ,5/13/1964,3.58,1145 ,5/14/1964,3.67,1238 ,5/15/1964,3.67,1452 ,5/16/1964,3.94,1309 ,5/17/1964,3.94,1509 ,5/16/1964,3.94,1754 ,5/13/1964,4.17,1654 ,5/14/1964,4.26,1738 ,5/15/1964,4.26,1968 ,5/16/1964,4.53,1729 ,4/3/1964,4.63,1809 ,4/29/1964,4.849999,1664 ,4/30/1964,5.23,1334 ,4/30/1964,5.23,1500 ,5/1/1964,5.23,1681 ,5/3/1964,5.23,1872 ,5/1/1964,5.23,2094 ,4/30/1964,5.46,1894 ,4/29/1964,5.57,1925 ,4/30/1964,5.95,1619 ,5/8/1964,6.58,1066 ,5/9/1964,6.580001,1176 ,5/10/1964,6.58,1309 ,5/9/1964,6.580001,1430 ,5/9/1964,6.58,1576 ,5/13/1964,7.130001,1185 ,5/14/1964,7.220001,1231 ,5/8/1964,7.299999,1278 ,5/16/1964,7.490001,1250 ,5/17/1964,7.490001,1356 ,5/18/1964,7.490001,1468 ,5/19/1964,7.490001,1592 ,5/13/1964,7.85,1399 ,5/14/1964,7.940001,1425 ,5/14/1964,7.98,1511 ,5/16/1964,8.210001,1416 ,5/16/1964,8.250001,1473 ,5/16/1964,8.25,1586 ,5/17/1964,8.25,1705 ,5/19/1964,8.25,1839 ,5/16/1964,8.360001,1839 ,5/16/1964,8.360001,1956 ,5/17/1964,8.36,2090 ,5/17/1964,8.360001,2227 ,,
1964,6/2/1965,1.43,130 ,6/3/1965,1.64,260 ,8/27/1965,1.9,293 ,8/28/1965,1.97,417 ,8/28/1965,1.97,617 ,8/31/1965,2.28,526 ,8/31/1965,2.55,457 ,9/2/1965,2.8,426 ,9/2/1965,3.07,406 ,9/2/1965,3.07,530 ,9/4/1965,3.07,674 ,9/2/1965,3.07,837 ,9/3/1965,3.07,1038 ,9/4/1965,3.07,1260 ,8/31/1965,3.6,778 ,9/1/1965,3.7,837 ,9/2/1965,4.12,674 ,9/2/1965,4.12,800 ,9/2/1965,4.12,940 ,9/5/1965,4.12,1092 ,9/6/1965,4.119999,1289 ,9/7/1965,4.12,1483 ,9/6/1965,4.119999,1712 ,9/9/1965,4.26,1736 ,9/10/1965,4.54,1509 ,9/10/1965,4.54,1713 ,9/11/1965,4.54,1923 ,9/11/1965,4.539999,2158 ,9/11/1965,4.54,2393 ,9/15/1965,5.09,1697 ,9/16/1965,5.09,1893 ,9/15/1965,5.09,2092 ,9/18/1965,5.09,2295 ,9/15/1965,5.09,2532 ,9/20/1965,5.09,2760 ,9/16/1965,5.09,3034 ,9/22/1965,5.41,2653 ,9/23/1965,5.48,2759 ,9/24/1965,5.48,3011 ,9/15/1965,5.49,3272 ,9/15/1965,5.49,3545 ,9/17/1965,5.49,3814 ,9/17/1965,5.49,4110 ,9/22/1965,5.54,4251 ,9/30/1965,5.65,4248 ,9/30/1965,5.65,4530 ,9/22/1965,5.81,4320 ,9/23/1965,5.88,4432 ,9/23/1965,5.88,4730 ,9/23/1965,5.88,5037 ,9/23/1965,5.88,5358 ,9/24/1965,5.88,5667 ,9/23/1965,5.950001,5735 ,9/23/1965,6.000001,5906 ,9/30/1965,6.050001,6037 ,9/30/1965,6.05,6351 ,9/22/1965,6.06,6636 ,9/23/1965,6.13,6735 ,9/23/1965,6.13,7036 ,9/23/1965,6.130001,7309 ,,
1965,5/12/1966,1.68,70 ,5/12/1966,1.72,222 ,10/22/1965,1.99,238 ,10/23/1965,2.09,323 ,10/23/1965,2.09,488 ,8/16/1966,2.16,639 ,8/16/1966,2.32,685 ,8/16/1966,2.38,841 ,6/17/1966,2.38,1084 ,6/18/1966,2.38,1370 ,6/17/1966,2.38,1693 ,8/22/1966,2.86,1114 ,8/22/1966,3.02,1101 ,8/22/1966,3.08,1232 ,8/22/1966,3.08,1496 ,8/24/1966,3.08,1791 ,8/24/1966,3.08,2118 ,8/23/1966,3.08,2474 ,9/3/1966,3.41,1930 ,9/3/1966,3.41,2237 ,9/3/1966,3.57,2157 ,9/4/1966,3.57,2469 ,5/12/1966,3.66,2594 ,9/3/1966,4.3,1650 ,9/3/1966,4.46,1624 ,9/3/1966,4.52,1752 ,9/3/1966,4.52,1973 ,9/3/1966,4.52,2190 ,9/6/1966,4.52,2433 ,9/5/1966,4.52,2681 ,9/6/1966,4.52,2945 ,9/3/1966,4.52,3226 ,9/3/1966,4.77,2921 ,9/3/1966,4.77,3193 ,9/5/1966,4.77,3499 ,9/5/1966,4.77,3809 ,9/5/1966,4.77,4133 ,9/3/1966,4.800001,4336 ,9/3/1966,5.05,3973 ,9/3/1966,5.05,4284 ,9/5/1966,5.05,4571 ,9/4/1966,5.050001,4873 ,9/7/1966,5.050001,5188 ,9/6/1966,5.05,5520 ,9/23/1966,5.14,5614 ,9/23/1966,5.2,5768 ,9/24/1966,5.2,6093 ,9/25/1966,5.2,6432 ,9/24/1966,5.2,6770 ,9/29/1966,5.44,6336 ,9/29/1966,5.6,6175 ,5/12/1966,5.84,5775 ,5/12/1966,5.84,6079 ,5/12/1966,5.84,6420 ,5/12/1966,6.029999,6149 ,5/12/1966,6.09,6259 ,9/3/1966,6.11,6499 ,9/3/1966,6.11,6794 ,6/16/1966,6.139999,7018 ,6/16/1966,6.460001,6398 ,,
1966,6/29/1967,1.78,53 ,7/19/1967,2.33,69 ,12/8/1966,2.43,110 ,12/8/1966,2.7,125 ,12/10/1966,3.24,86 ,12/10/1966,3.51,86 ,12/11/1966,3.54,117 ,12/11/1966,3.54,171 ,12/13/1966,3.54,234 ,12/11/1966,3.55,298 ,12/12/1966,3.55,372 ,12/10/1966,3.87,322 ,12/10/1966,3.94,380 ,12/10/1966,4.3,287 ,12/11/1966,4.33,341 ,12/10/1966,4.47,365 ,12/11/1966,4.5,433 ,12/11/1966,4.5,516 ,12/13/1966,4.5,599 ,12/14/1966,4.5,705 ,7/19/1967,4.64,738 ,6/29/1967,5.14,548 ,6/29/1967,5.84,317 ,6/30/1967,6.140001,301 ,6/30/1967,6.2,336 ,7/1/1967,6.2,391 ,7/3/1967,6.31,411 ,7/3/1967,6.37,445 ,7/4/1967,6.37,508 ,7/4/1967,6.37,570 ,7/5/1967,6.37,645 ,7/6/1967,6.370001,713 ,7/8/1967,6.37,804 ,7/19/1967,6.86,637 ,7/20/1967,6.86,711 ,7/19/1967,6.86,793 ,7/21/1967,6.86,874 ,7/21/1967,6.86,959 ,7/19/1967,6.99,982 ,7/19/1967,7.04,1044 ,7/19/1967,7.09,1094 ,7/19/1967,8,662 ,7/19/1967,8.700001,401 ,7/19/1967,8.76,435 ,7/20/1967,8.76,480 ,7/21/1967,8.76,533 ,7/22/1967,8.760001,586 ,7/22/1967,8.759999,650 ,7/21/1967,8.760001,704 ,7/22/1967,8.76,776 ,7/26/1967,8.760001,841 ,7/28/1967,8.77,923 ,7/28/1967,8.83,960 ,7/28/1967,8.830001,1034 ,7/31/1967,9.450001,741 ,8/1/1967,9.619999,720 ,8/1/1967,9.679999,753 ,8/1/1967,9.68,819 ,8/2/1967,9.68,891 ,8/1/1967,9.68,964 ,,
1967,6/26/1968,3.29,5 ,6/26/1968,5.3,1 ,6/26/1968,5.8,1 ,6/27/1968,6.06,1 ,6/26/1968,7.77,1 ,6/27/1968,8.030001,1 ,6/27/1968,8.1,1 ,6/27/1968,8.1,1 ,6/29/1968,8.13,1 ,6/29/1968,8.130001,1 ,6/27/1968,8.23,1 ,6/28/1968,8.23,1 ,6/29/1968,8.26,1 ,7/5/1968,8.6,1 ,7/6/1968,8.67,1 ,7/6/1968,8.740001,1 ,7/7/1968,8.74,1 ,7/9/1968,8.9,1 ,7/10/1968,9.32,1 ,7/10/1968,9.39,1 ,7/10/1968,9.39,1 ,7/11/1968,9.389999,1 ,7/12/1968,9.389999,1 ,7/10/1968,9.52,1 ,7/16/1968,10.41,1 ,7/16/1968,10.48,1 ,7/17/1968,10.48,1 ,7/16/1968,10.48,1 ,7/19/1968,10.54,1 ,7/16/1968,10.61,1 ,6/26/1968,11.06,1 ,6/26/1968,11.78,1 ,7/24/1968,12.46,1 ,7/24/1968,12.53,1 ,7/25/1968,12.53,1 ,7/26/1968,12.53,1 ,7/28/1968,12.57,1 ,7/24/1968,12.66,1 ,7/24/1968,12.66,1 ,7/25/1968,12.66,1 ,8/1/1968,12.95,1 ,8/1/1968,13.02,1 ,8/2/1968,13.02,1 ,8/2/1968,13.02,1 ,8/2/1968,13.02,1 ,7/10/1968,13.33,1 ,7/10/1968,13.33,1 ,7/12/1968,13.33,1 ,8/9/1968,14.21,1 ,8/9/1968,14.28,1 ,8/9/1968,14.28,1 ,7/16/1968,14.42,1 ,7/16/1968,14.42,1 ,7/17/1968,14.42,1 ,7/16/1968,14.52,1 ,8/16/1968,16.07,1 ,8/17/1968,16.47,1 ,8/17/1968,16.54,1 ,8/17/1968,16.54,1 ,8/18/1968,16.54,1 ,,
1968,7/19/1969,1.31,168 ,7/19/1969,2.04,106 ,7/19/1969,2.69,75 ,7/20/1969,2.73,122 ,7/21/1969,2.73,183 ,7/20/1969,2.73,261 ,7/24/1969,2.76,335 ,7/24/1969,3.41,206 ,7/25/1969,3.71,176 ,7/26/1969,3.79,207 ,7/27/1969,4.2,166 ,7/28/1969,4.22,199 ,7/28/1969,4.22,256 ,7/30/1969,4.36,272 ,7/30/1969,4.36,328 ,7/19/1969,4.36,398 ,7/20/1969,4.4,474 ,7/21/1969,4.4,563 ,7/22/1969,4.4,667 ,7/19/1969,4.41,777 ,7/24/1969,5.08,488 ,7/25/1969,5.38,421 ,7/26/1969,5.46,453 ,7/27/1969,5.87,373 ,7/28/1969,5.889999,436 ,7/29/1969,5.89,505 ,7/30/1969,6.03,540 ,7/30/1969,6.03,621 ,8/1/1969,6.029999,702 ,8/2/1969,6.03,792 ,7/30/1969,6.08,856 ,8/17/1969,6.3,770 ,8/18/1969,6.309999,859 ,8/19/1969,6.309999,960 ,7/27/1969,6.41,979 ,7/25/1969,6.559999,979 ,7/26/1969,6.639999,1020 ,7/27/1969,7.049999,857 ,7/27/1969,7.099999,897 ,7/27/1969,7.14,969 ,7/30/1969,7.21,1017 ,7/30/1969,7.259999,1088 ,7/30/1969,7.299999,1170 ,7/27/1969,7.34,1250 ,8/17/1969,7.969999,922 ,8/18/1969,7.98,1001 ,8/18/1969,7.98,1098 ,5/10/1969,8.089999,1110 ,7/26/1969,8.13,1167 ,7/27/1969,8.540001,941 ,7/25/1969,8.650001,945 ,7/26/1969,8.73,986 ,7/27/1969,9.140001,765 ,7/28/1969,9.160001,826 ,7/27/1969,9.200002,883 ,7/30/1969,9.3,893 ,7/31/1969,9.299999,974 ,7/30/1969,9.360001,1032 ,7/31/1969,9.36,1114 ,7/31/1969,9.360001,1207 ,,
1969,6/13/1970,1.38,145 ,7/20/1970,1.94,131 ,5/25/1970,2,235 ,5/25/1970,2,396 ,5/25/1970,2,585 ,6/18/1970,2.4,433 ,6/18/1970,2.4,599 ,7/20/1970,2.74,466 ,7/21/1970,2.75,617 ,7/20/1970,2.82,737 ,7/20/1970,2.97,749 ,7/20/1970,2.99,938 ,7/20/1970,3.48,620 ,5/25/1970,3.52,726 ,5/26/1970,3.52,872 ,7/20/1970,3.57,965 ,7/20/1970,3.69,1023 ,7/30/1970,3.75,1129 ,7/31/1970,3.75,1331 ,8/1/1970,4.04,1186 ,8/1/1970,4.039999,1387 ,8/3/1970,4.2,1391 ,7/30/1970,4.49,1171 ,7/31/1970,4.49,1364 ,8/1/1970,4.78,1181 ,8/2/1970,4.78,1359 ,8/3/1970,4.94,1314 ,8/3/1970,4.94,1507 ,8/1/1970,4.99,1647 ,8/3/1970,5.03,1792 ,8/3/1970,5.15,1815 ,8/3/1970,5.18,1955 ,6/13/1970,5.34,1873 ,6/15/1970,5.38,2014 ,6/15/1970,5.75,1716 ,6/15/1970,5.75,1892 ,6/18/1970,5.99,1732 ,7/20/1970,6.99,887 ,7/21/1970,7,972 ,7/21/1970,7,1077 ,7/23/1970,7.05,1140 ,7/24/1970,7.15,1167 ,7/25/1970,7.25,1201 ,7/26/1970,7.25,1316 ,7/25/1970,7.25,1429 ,7/28/1970,7.25,1549 ,7/29/1970,7.25,1683 ,7/30/1970,8,1174 ,7/31/1970,8,1279 ,8/1/1970,8.29,1126 ,8/2/1970,8.290001,1228 ,8/3/1970,8.450001,1210 ,8/4/1970,8.45,1318 ,8/3/1970,8.45,1417 ,8/6/1970,8.45,1519 ,8/4/1970,8.45,1626 ,8/7/1970,8.449999,1744 ,8/6/1970,8.45,1858 ,7/20/1970,9.43,1082 ,7/21/1970,9.440001,1160 ,,
1970,9/27/1971,3.94,2 ,9/27/1971,4.05,6 ,9/27/1971,4.1,8 ,9/28/1971,4.1,14 ,9/27/1971,4.1,23 ,9/30/1971,4.1,39 ,9/28/1971,4.1,57 ,9/27/1971,5.05,31 ,9/27/1971,5.05,46 ,9/28/1971,5.05,56 ,9/27/1971,5.06,70 ,9/27/1971,5.08,84 ,9/27/1971,5.08,101 ,9/27/1971,5.08,129 ,9/30/1971,5.08,161 ,9/29/1971,5.08,197 ,9/27/1971,5.08,237 ,9/27/1971,5.08,286 ,9/27/1971,5.08,347 ,9/27/1971,5.08,411 ,9/30/1971,5.08,492 ,9/27/1971,5.11,573 ,9/28/1971,5.11,652 ,9/27/1971,5.26,653 ,9/27/1971,5.260001,748 ,9/29/1971,5.26,858 ,9/28/1971,5.26,984 ,9/28/1971,5.26,1126 ,9/29/1971,5.26,1282 ,9/29/1971,5.260001,1450 ,9/30/1971,5.26,1627 ,9/27/1971,5.26,1818 ,9/27/1971,5.27,1988 ,9/27/1971,5.270001,2196 ,9/29/1971,5.27,2430 ,9/30/1971,5.27,2672 ,9/29/1971,5.27,2907 ,9/28/1971,5.27,3159 ,9/27/1971,5.280001,3414 ,9/27/1971,5.280001,3694 ,9/28/1971,5.280001,3995 ,9/29/1971,5.280001,4288 ,9/27/1971,5.28,4589 ,9/30/1971,5.280001,4877 ,9/28/1971,5.280001,5188 ,9/27/1971,5.280001,5500 ,9/28/1971,5.28,5835 ,9/27/1971,5.690001,4990 ,9/27/1971,5.89,4701 ,9/27/1971,5.890001,5001 ,9/27/1971,5.890001,5323 ,9/27/1971,5.89,5632 ,9/27/1971,5.89,5945 ,9/30/1971,5.89,6266 ,9/27/1971,5.89,6582 ,12/3/1970,5.930001,6755 ,12/4/1970,5.949999,7014 ,12/5/1970,5.95,7310 ,12/6/1970,5.949999,7630 ,12/4/1970,5.95,7934 ,,
1971,12/30/1971,1.28,186 ,4/16/1972,1.82,177 ,4/17/1972,1.85,323 ,4/16/1972,1.91,474 ,4/19/1972,2.14,457 ,4/20/1972,2.46,385 ,4/21/1972,2.46,539 ,4/22/1972,2.93,354 ,4/23/1972,2.93,472 ,4/22/1972,3.02,557 ,4/23/1972,3.02,709 ,4/22/1972,3.02,893 ,4/24/1972,3.02,1103 ,4/25/1972,3.02,1346 ,4/25/1972,3.02,1639 ,4/22/1972,3.21,1518 ,5/1/1972,3.41,1396 ,5/2/1972,3.41,1650 ,4/22/1972,3.56,1632 ,4/23/1972,3.56,1894 ,4/22/1972,3.57,2159 ,5/6/1972,3.68,2229 ,5/7/1972,4.07,1800 ,5/8/1972,4.61,1229 ,5/9/1972,4.62,1403 ,5/8/1972,4.7,1475 ,5/9/1972,4.71,1673 ,5/9/1972,4.71,1883 ,5/13/1972,4.71,2088 ,5/14/1972,4.78,2182 ,5/15/1972,5.28,1607 ,5/15/1972,5.28,1787 ,5/15/1972,5.37,1842 ,5/16/1972,5.37,2029 ,5/16/1972,5.37,2236 ,5/15/1972,5.37,2475 ,5/18/1972,5.37,2733 ,5/17/1972,5.37,2994 ,5/15/1972,5.56,2834 ,5/15/1972,5.56,3088 ,5/15/1972,5.56,3363 ,5/15/1972,5.909999,2880 ,5/16/1972,5.91,3085 ,5/15/1972,5.92,3296 ,5/15/1972,5.930001,3510 ,5/30/1972,6.12,3354 ,5/31/1972,6.130001,3585 ,5/30/1972,6.21,3625 ,5/31/1972,6.22,3884 ,6/1/1972,6.22,4144 ,6/2/1972,6.23,4387 ,6/3/1972,6.25,4607 ,6/3/1972,6.25,4889 ,5/30/1972,6.4,4777 ,5/15/1972,6.6,4485 ,5/15/1972,6.6,4788 ,5/8/1972,6.98,4042 ,5/9/1972,6.99,4279 ,5/9/1972,6.990001,4532 ,5/10/1972,6.99,4821 ,,
1972,3/17/1973,1.51,112 ,9/29/1973,2.02,111 ,10/23/1972,2.05,205 ,7/28/1973,2.42,188 ,7/29/1973,2.42,286 ,7/30/1973,2.42,408 ,7/31/1973,2.9,268 ,8/1/1973,3.15,281 ,7/28/1973,3.67,182 ,7/29/1973,3.67,240 ,7/28/1973,3.67,308 ,7/31/1973,4.15,220 ,8/1/1973,4.4,207 ,8/1/1973,4.4,255 ,8/3/1973,4.4,316 ,8/9/1973,4.54,340 ,8/10/1973,4.86,303 ,8/10/1973,4.86,367 ,8/11/1973,4.86,437 ,8/10/1973,4.86,507 ,8/9/1973,5.79,230 ,8/10/1973,6.11,214 ,8/11/1973,6.11,258 ,8/11/1973,6.11,312 ,8/11/1973,6.11,374 ,8/11/1973,6.11,436 ,8/11/1973,6.11,495 ,8/10/1973,6.12,566 ,7/31/1973,6.27,549 ,8/1/1973,6.52,514 ,8/9/1973,6.77,468 ,7/28/1973,7.35,322 ,7/28/1973,7.760001,245 ,7/28/1973,7.760001,285 ,7/28/1973,7.870001,312 ,7/31/1973,8.240001,237 ,8/1/1973,8.490001,229 ,8/1/1973,8.490001,264 ,8/1/1973,8.6,264 ,8/1/1973,8.6,302 ,8/2/1973,8.6,337 ,8/3/1973,8.6,383 ,8/1/1973,8.63,423 ,8/9/1973,9.47,249 ,8/9/1973,9.88,187 ,8/10/1973,10.2,146 ,8/11/1973,10.2,172 ,8/10/1973,10.31,182 ,8/11/1973,10.31,213 ,8/12/1973,10.31,243 ,8/12/1973,10.31,279 ,8/10/1973,10.34,292 ,8/10/1973,10.34,332 ,8/11/1973,10.34,375 ,8/20/1973,10.61,324 ,8/20/1973,11.02,271 ,8/20/1973,11.02,299 ,8/20/1973,11.13,295 ,8/21/1973,11.13,323 ,8/22/1973,11.13,355 ,,
1973,11/28/1973,1.18,234 ,3/9/1974,1.42,388 ,3/9/1974,1.53,611 ,3/8/1974,1.66,745 ,3/9/1974,2.14,453 ,3/9/1974,2.58,326 ,3/10/1974,2.63,420 ,3/9/1974,2.77,447 ,5/16/1974,2.88,507 ,5/17/1974,3.03,550 ,5/17/1974,3.03,702 ,5/17/1974,3.08,821 ,5/17/1974,3.15,920 ,11/28/1973,3.36,845 ,11/29/1973,3.36,1030 ,3/9/1974,3.66,885 ,3/10/1974,3.71,999 ,3/11/1974,3.71,1195 ,3/9/1974,4.14,909 ,3/10/1974,4.19,1023 ,3/10/1974,4.19,1196 ,3/11/1974,4.19,1409 ,3/13/1974,4.19,1634 ,3/11/1974,4.19,1861 ,3/15/1974,4.2,2071 ,3/16/1974,4.41,1930 ,3/16/1974,4.41,2171 ,3/18/1974,4.41,2428 ,12/13/1973,4.61,2272 ,12/20/1973,4.95,1900 ,12/21/1973,4.95,2122 ,12/22/1973,4.95,2334 ,12/20/1973,4.97,2538 ,12/27/1973,5.1,2520 ,4/7/1974,5.350001,2267 ,12/20/1973,5.75,1887 ,12/27/1973,5.95,1793 ,12/27/1973,5.95,1982 ,12/29/1973,6.05,2003 ,12/29/1973,6.05,2183 ,12/25/1973,6.15,2218 ,12/26/1973,6.17,2371 ,12/27/1973,6.75,1717 ,12/27/1973,6.75,1855 ,12/29/1973,6.85,1875 ,12/30/1973,6.85,2024 ,12/31/1973,6.92,2097 ,1/1/1974,6.93,2254 ,4/8/1974,6.990001,2336 ,4/9/1974,6.99,2522 ,4/10/1974,6.990001,2718 ,4/11/1974,6.990001,2906 ,4/12/1974,7.44,2380 ,4/12/1974,7.44,2537 ,4/13/1974,7.44,2716 ,4/15/1974,7.44,2907 ,4/14/1974,7.440001,3098 ,4/13/1974,7.440001,3312 ,12/25/1973,7.710001,3003 ,12/27/1973,7.85,2994 ,,
1974,8/30/1975,3.73,3 ,8/31/1975,4.74,4 ,8/31/1975,5.11,4 ,9/1/1975,5.15,7 ,9/3/1975,5.24,9 ,8/31/1975,5.83,8 ,9/1/1975,5.87,10 ,8/31/1975,6.87,5 ,9/1/1975,6.91,6 ,8/31/1975,6.969999,8 ,8/31/1975,7.63,8 ,9/1/1975,7.669999,10 ,9/1/1975,7.669999,12 ,9/3/1975,8.129999,10 ,9/4/1975,8.129999,11 ,9/5/1975,8.400001,4 ,9/6/1975,8.55,5 ,9/6/1975,8.55,6 ,9/7/1975,8.55,7 ,9/5/1975,8.599999,8 ,9/6/1975,8.75,8 ,9/6/1975,8.75,10 ,9/6/1975,8.89,7 ,9/6/1975,8.89,8 ,9/8/1975,8.89,10 ,9/7/1975,8.89,12 ,9/6/1975,8.900001,14 ,9/11/1975,8.96,16 ,9/18/1975,9.08,14 ,9/18/1975,9.08,19 ,9/20/1975,9.28,22 ,9/21/1975,9.29,26 ,9/22/1975,9.330001,29 ,9/5/1975,9.410001,35 ,9/6/1975,9.56,43 ,9/25/1975,9.87,35 ,9/26/1975,9.950001,36 ,9/26/1975,9.950001,44 ,9/27/1975,9.950001,54 ,9/25/1975,10.07,57 ,9/30/1975,10.32,63 ,9/30/1975,10.32,74 ,9/30/1975,10.32,86 ,9/30/1975,10.32,97 ,9/30/1975,10.52,107 ,9/30/1975,10.52,119 ,9/30/1975,10.66,120 ,9/30/1975,10.66,143 ,9/30/1975,10.66,165 ,9/30/1975,10.66,188 ,9/30/1975,10.67,209 ,9/30/1975,10.7,229 ,9/30/1975,10.7,251 ,9/25/1975,10.88,239 ,9/25/1975,10.98,251 ,9/26/1975,11.06,265 ,9/26/1975,11.06,292 ,9/27/1975,11.06,320 ,9/30/1975,11.33,280 ,9/30/1975,11.43,287 ,,
1975,5/6/1976,1.7,64 ,5/7/1976,2.42,60 ,5/8/1976,2.42,115 ,5/7/1976,2.42,189 ,3/5/1976,2.75,180 ,3/5/1976,2.78,247 ,3/6/1976,2.78,324 ,3/6/1976,2.78,434 ,3/5/1976,2.84,549 ,3/6/1976,2.84,720 ,3/2/1976,3.15,603 ,3/3/1976,3.38,564 ,5/7/1976,3.92,385 ,5/7/1976,4.31,283 ,5/7/1976,4.45,300 ,5/7/1976,4.580001,312 ,5/7/1976,4.690001,349 ,3/5/1976,5.02,304 ,3/5/1976,5.32,260 ,3/5/1976,5.34,305 ,3/5/1976,5.34,365 ,5/7/1976,5.44,387 ,5/8/1976,5.440001,458 ,5/8/1976,5.440001,530 ,5/10/1976,5.44,612 ,3/12/1976,5.5,682 ,3/13/1976,5.64,693 ,3/13/1976,5.66,788 ,3/14/1976,5.66,907 ,3/16/1976,5.7,994 ,3/17/1976,5.73,1108 ,5/17/1976,6.21,830 ,5/17/1976,6.210001,930 ,5/19/1976,6.210001,1047 ,5/18/1976,6.210001,1164 ,5/21/1976,6.210001,1306 ,5/17/1976,6.27,1382 ,5/17/1976,6.27,1541 ,5/24/1976,6.28,1701 ,5/24/1976,6.28,1854 ,3/27/1976,6.41,1800 ,3/27/1976,6.43,1925 ,3/27/1976,6.43,2091 ,5/7/1976,6.45,2244 ,3/30/1976,6.47,2390 ,5/31/1976,6.670001,2263 ,6/1/1976,6.67,2454 ,6/1/1976,6.670001,2651 ,6/2/1976,6.67,2852 ,6/4/1976,6.670001,3063 ,5/31/1976,6.73,3191 ,5/17/1976,7.09,2730 ,5/17/1976,7.09,2915 ,5/17/1976,7.220001,2889 ,5/18/1976,7.22,3091 ,5/17/1976,7.22,3300 ,5/20/1976,7.22,3516 ,5/17/1976,7.23,3736 ,3/5/1976,7.290001,3839 ,3/6/1976,7.290001,4074 ,,
1976,7/19/1977,1.87,43 ,7/19/1977,2.21,81 ,7/19/1977,2.21,160 ,4/25/1977,2.6,151 ,4/26/1977,2.67,201 ,4/25/1977,2.69,280 ,7/25/1977,2.85,302 ,7/19/1977,3.21,263 ,7/19/1977,3.21,332 ,7/25/1977,3.33,382 ,7/19/1977,3.53,395 ,7/19/1977,3.53,486 ,7/19/1977,3.54,593 ,7/25/1977,4.19,336 ,7/25/1977,4.19,411 ,7/26/1977,4.19,513 ,7/25/1977,4.51,429 ,7/25/1977,4.51,510 ,7/25/1977,4.52,589 ,7/26/1977,4.52,690 ,7/19/1977,4.89,582 ,7/19/1977,4.89,674 ,7/21/1977,4.89,770 ,7/22/1977,4.89,891 ,7/19/1977,4.91,1023 ,7/25/1977,5.43,717 ,7/25/1977,5.87,598 ,7/25/1977,5.87,683 ,7/26/1977,5.87,774 ,4/26/1977,5.889999,879 ,7/25/1977,5.89,981 ,8/12/1977,5.93,1076 ,8/10/1977,5.97,1156 ,8/11/1977,6.01,1257 ,8/12/1977,6.25,1137 ,8/13/1977,6.25,1270 ,8/12/1977,6.26,1407 ,5/4/1977,6.47,1281 ,4/25/1977,6.85,1092 ,4/26/1977,6.92,1139 ,4/26/1977,6.92,1254 ,4/28/1977,6.93,1371 ,8/10/1977,7.33,1148 ,8/24/1977,7.39,1211 ,7/19/1977,7.75,1085 ,7/19/1977,7.75,1186 ,7/21/1977,7.75,1289 ,7/22/1977,7.75,1392 ,7/19/1977,7.85,1405 ,7/19/1977,7.900001,1470 ,7/25/1977,8.73,892 ,7/25/1977,8.73,979 ,7/27/1977,8.730001,1069 ,7/27/1977,8.73,1164 ,7/25/1977,8.830001,1143 ,7/25/1977,8.880001,1195 ,8/24/1977,9.07,1149 ,8/24/1977,9.07,1243 ,8/24/1977,9.07,1351 ,8/26/1977,9.07,1452 ,,
1977,6/21/1978,1.82,50 ,1/26/1978,1.85,167 ,1/26/1978,1.96,254 ,1/27/1978,2.07,337 ,1/28/1978,2.12,469 ,6/26/1978,2.88,210 ,6/26/1978,2.88,286 ,6/26/1978,2.88,383 ,6/28/1978,2.88,504 ,6/28/1978,2.88,664 ,7/1/1978,3.15,607 ,7/2/1978,3.5,498 ,7/3/1978,3.53,595 ,7/4/1978,3.53,719 ,6/26/1978,3.7,695 ,6/27/1978,3.7,832 ,6/28/1978,3.7,1008 ,7/3/1978,3.73,1153 ,6/26/1978,3.79,1269 ,6/26/1978,4.15,1064 ,7/2/1978,4.32,1012 ,7/3/1978,4.35,1156 ,7/4/1978,4.35,1362 ,7/4/1978,4.35,1567 ,7/1/1978,4.42,1689 ,7/2/1978,4.77,1375 ,7/3/1978,4.8,1523 ,7/2/1978,4.92,1548 ,7/3/1978,4.95,1706 ,7/3/1978,4.95,1904 ,7/2/1978,5.02,2009 ,7/3/1978,5.05,2189 ,7/4/1978,5.050001,2402 ,7/2/1978,5.11,2506 ,7/3/1978,5.14,2697 ,7/3/1978,5.14,2935 ,7/5/1978,5.14,3197 ,7/6/1978,5.14,3470 ,7/13/1978,5.15,3727 ,6/21/1978,5.47,3315 ,6/21/1978,5.77,2877 ,6/21/1978,5.78,3087 ,6/22/1978,5.78,3330 ,6/21/1978,5.8,3546 ,6/26/1978,6.530001,2281 ,6/26/1978,6.830001,2037 ,6/26/1978,6.840001,2193 ,6/26/1978,6.840001,2372 ,6/26/1978,6.860002,2534 ,6/26/1978,7.250001,2126 ,6/26/1978,7.250001,2298 ,7/2/1978,7.450001,2197 ,6/26/1978,7.57,2201 ,6/27/1978,7.570001,2347 ,6/27/1978,7.570001,2504 ,7/2/1978,7.870001,2311 ,7/3/1978,7.9,2419 ,7/2/1978,7.920001,2526 ,7/2/1978,8.190001,2323 ,7/3/1978,8.220001,2440 ,,
1978,6/30/1979,1.76,59 ,6/30/1979,2.61,40 ,6/30/1979,2.94,49 ,7/1/1979,3.19,58 ,7/2/1979,3.21,90 ,7/2/1979,3.21,136 ,7/4/1979,3.43,141 ,7/4/1979,3.43,196 ,7/4/1979,3.43,263 ,7/4/1979,3.43,341 ,7/9/1979,3.61,337 ,7/9/1979,3.94,305 ,7/9/1979,3.94,376 ,7/12/1979,4.5,234 ,7/12/1979,4.83,209 ,7/13/1979,4.83,257 ,7/14/1979,4.83,310 ,7/15/1979,5.13,273 ,7/15/1979,5.13,332 ,7/15/1979,5.13,392 ,7/15/1979,5.13,468 ,7/18/1979,5.13,549 ,7/20/1979,5.13,635 ,7/21/1979,5.13,719 ,7/15/1979,5.15,820 ,7/15/1979,5.23,880 ,7/15/1979,5.23,1016 ,7/25/1979,5.28,1104 ,4/26/1979,5.370001,1143 ,5/3/1979,5.41,1257 ,4/28/1979,5.74,1095 ,4/28/1979,5.78,1209 ,4/30/1979,5.9,1228 ,4/30/1979,5.94,1339 ,5/3/1979,6.07,1320 ,5/3/1979,6.52,1006 ,5/3/1979,6.56,1085 ,5/3/1979,6.56,1201 ,5/3/1979,6.67,1236 ,5/3/1979,6.72,1321 ,5/3/1979,6.789999,1388 ,5/3/1979,6.89,1416 ,5/3/1979,6.889999,1551 ,5/3/1979,6.889999,1686 ,5/3/1979,6.9,1808 ,5/12/1979,6.929999,1928 ,5/3/1979,7.26,1673 ,5/4/1979,7.26,1815 ,5/4/1979,7.26,1959 ,5/3/1979,7.27,2089 ,5/3/1979,7.440001,2066 ,8/18/1979,7.72,1900 ,8/19/1979,7.719999,2039 ,8/20/1979,8.050001,1786 ,8/21/1979,8.1,1876 ,8/23/1979,8.42,1665 ,8/23/1979,8.75,1452 ,8/24/1979,8.76,1549 ,8/24/1979,8.76,1660 ,8/24/1979,8.76,1775 ,,
1979,8/2/1980,1.7,67 ,8/3/1980,2.13,96 ,8/3/1980,2.13,186 ,6/3/1980,2.29,247 ,8/2/1980,2.65,211 ,8/2/1980,3.32,118 ,8/3/1980,3.75,88 ,8/3/1980,3.79,112 ,8/4/1980,3.79,149 ,8/6/1980,3.88,191 ,8/6/1980,3.92,245 ,8/6/1980,3.92,310 ,8/3/1980,3.96,368 ,8/10/1980,4.19,337 ,8/11/1980,4.29,360 ,6/15/1980,4.5,358 ,6/15/1980,4.62,376 ,8/14/1980,4.84,376 ,8/3/1980,5.07,354 ,8/21/1980,5.41,284 ,8/21/1980,5.41,338 ,8/21/1980,5.43,393 ,8/20/1980,5.78,330 ,8/20/1980,6.45,227 ,8/21/1980,7.03,128 ,8/21/1980,7.07,147 ,8/22/1980,7.07,178 ,8/21/1980,7.07,217 ,8/22/1980,7.07,263 ,8/22/1980,7.07,315 ,8/21/1980,7.24,299 ,9/2/1980,7.48,269 ,9/2/1980,7.48,322 ,9/4/1980,7.5,371 ,9/1/1980,8.1,245 ,9/1/1980,8.77,146 ,9/2/1980,9.1,119 ,9/2/1980,9.14,134 ,9/3/1980,9.14,160 ,9/4/1980,9.16,181 ,9/5/1980,9.16,213 ,9/5/1980,9.16,249 ,9/2/1980,9.309999,245 ,9/9/1980,9.69,192 ,9/9/1980,9.73,218 ,9/10/1980,9.73,259 ,9/12/1980,9.74,296 ,9/13/1980,10.3,183 ,9/2/1980,10.42,192 ,9/2/1980,10.51,207 ,9/2/1980,10.51,229 ,9/17/1980,11.11,170 ,9/17/1980,11.15,181 ,9/17/1980,11.15,198 ,9/17/1980,11.15,219 ,9/18/1980,11.15,242 ,9/23/1980,11.34,230 ,9/23/1980,12.01,174 ,9/23/1980,12.05,180 ,9/25/1980,12.06,192 ,,
1980,9/4/1981,1.77,56 ,9/4/1981,2.8,29 ,9/5/1981,2.89,56 ,9/5/1981,2.89,94 ,9/6/1981,2.89,142 ,9/4/1981,4.5,26 ,9/4/1981,4.83,27 ,9/4/1981,5.01,33 ,9/5/1981,5.099999,41 ,9/5/1981,5.16,47 ,9/6/1981,5.16,58 ,9/7/1981,5.16,74 ,9/8/1981,5.22,88 ,9/8/1981,5.22,111 ,9/10/1981,5.22,138 ,9/8/1981,5.22,168 ,9/12/1981,5.22,200 ,9/14/1981,5.34,218 ,9/17/1981,5.55,206 ,9/17/1981,5.88,179 ,9/17/1981,6.059999,189 ,9/18/1981,6.139999,211 ,9/18/1981,6.2,238 ,9/22/1981,6.5,213 ,9/22/1981,6.829999,158 ,9/22/1981,7.009999,164 ,9/22/1981,7.07,182 ,9/23/1981,7.069999,223 ,9/23/1981,7.07,260 ,9/27/1981,7.27,240 ,9/27/1981,7.45,227 ,9/30/1981,7.74,211 ,9/30/1981,8.07,195 ,9/30/1981,8.25,180 ,9/30/1981,8.31,195 ,9/30/1981,8.31,227 ,9/30/1981,8.31,264 ,9/30/1981,8.309999,308 ,9/30/1981,8.31,352 ,9/30/1981,8.309999,401 ,9/4/1981,8.430001,395 ,9/5/1981,8.52,415 ,9/6/1981,8.52,466 ,9/6/1981,8.52,526 ,9/8/1981,8.58,559 ,9/4/1981,8.629999,587 ,9/4/1981,9.25,421 ,9/4/1981,9.38,422 ,9/5/1981,9.47,437 ,9/6/1981,9.469999,476 ,9/6/1981,9.47,516 ,9/8/1981,9.53,536 ,9/8/1981,9.53,578 ,9/8/1981,9.53,629 ,9/18/1981,9.56,674 ,9/9/1981,9.559999,732 ,9/22/1981,9.98,645 ,9/23/1981,9.98,701 ,9/22/1981,10.43,549 ,9/22/1981,10.43,604 ,,
1981,6/29/1982,2.91,7 ,6/29/1982,3.46,14 ,6/30/1982,3.48,24 ,7/1/1982,3.48,40 ,7/3/1982,3.83,38 ,7/3/1982,4.38,28 ,7/4/1982,4.39,42 ,7/4/1982,4.39,56 ,7/4/1982,4.400001,71 ,7/4/1982,4.4,93 ,6/29/1982,4.61,103 ,6/30/1982,4.63,126 ,7/11/1982,4.79,137 ,7/11/1982,5.34,96 ,7/3/1982,5.53,96 ,7/4/1982,5.54,115 ,7/4/1982,5.54,142 ,7/3/1982,6.16,98 ,7/3/1982,6.3,105 ,7/4/1982,6.31,129 ,7/4/1982,6.31,154 ,7/6/1982,6.31,182 ,7/11/1982,6.49,181 ,7/12/1982,6.49,214 ,7/12/1982,6.490001,253 ,7/11/1982,7.12,141 ,7/11/1982,7.26,133 ,7/11/1982,7.26,159 ,7/26/1982,7.77,124 ,7/28/1982,8.160001,107 ,7/28/1982,8.71,59 ,7/28/1982,8.710001,76 ,7/28/1982,8.72,92 ,7/29/1982,8.720001,110 ,7/29/1982,8.72,130 ,8/2/1982,8.81,137 ,8/2/1982,8.81,156 ,7/28/1982,9.030001,156 ,7/28/1982,9.240001,146 ,7/28/1982,9.860001,83 ,7/29/1982,9.860001,99 ,7/30/1982,9.860001,113 ,7/28/1982,10.49,80 ,7/28/1982,10.63,78 ,7/28/1982,10.63,93 ,7/28/1982,10.63,106 ,7/31/1982,10.63,123 ,7/29/1982,10.63,145 ,8/2/1982,10.73,157 ,8/2/1982,10.73,178 ,8/4/1982,10.75,199 ,8/5/1982,10.75,222 ,8/4/1982,10.75,243 ,8/8/1982,10.83,249 ,8/8/1982,10.97,255 ,8/8/1982,10.97,285 ,8/8/1982,10.97,313 ,7/28/1982,11.02,327 ,7/28/1982,11.02,359 ,7/26/1982,11.03,389 ,,
1982,5/2/1983,1.98,38 ,5/2/1983,2.22,80 ,5/2/1983,3,45 ,5/3/1983,3.12,66 ,5/2/1983,3.43,67 ,5/3/1983,3.55,82 ,5/4/1983,3.56,112 ,5/5/1983,3.56,161 ,5/8/1983,3.65,189 ,5/8/1983,3.65,251 ,5/8/1983,4.08,190 ,5/9/1983,4.08,241 ,11/12/1982,4.18,270 ,11/13/1982,4.21,327 ,11/12/1982,4.26,375 ,11/13/1982,4.29,451 ,4/18/1983,4.31,527 ,4/19/1983,4.31,616 ,5/2/1983,5.53,216 ,5/2/1983,5.97,169 ,5/3/1983,6.09,183 ,5/4/1983,6.1,215 ,5/2/1983,6.170001,246 ,5/2/1983,6.5,212 ,5/3/1983,6.62,214 ,5/2/1983,6.780001,199 ,5/2/1983,7.1,173 ,5/3/1983,7.22,182 ,5/4/1983,7.23,218 ,5/2/1983,7.240001,249 ,5/2/1983,7.740001,177 ,5/3/1983,7.86,205 ,5/4/1983,7.870001,236 ,5/5/1983,7.87,270 ,5/6/1983,7.89,311 ,5/2/1983,8.240001,238 ,5/2/1983,8.58,213 ,5/3/1983,8.7,215 ,5/4/1983,8.709999,246 ,5/4/1983,8.709999,278 ,5/6/1983,8.73,308 ,5/8/1983,8.889999,295 ,5/2/1983,9.440001,220 ,5/3/1983,9.56,235 ,5/2/1983,9.670001,231 ,5/3/1983,9.79,240 ,5/3/1983,9.82,271 ,5/4/1983,9.830001,310 ,5/8/1983,10.09,269 ,5/9/1983,10.09,308 ,5/8/1983,10.32,274 ,5/8/1983,10.35,290 ,5/9/1983,10.35,325 ,5/8/1983,10.35,359 ,5/11/1983,10.35,395 ,5/10/1983,10.35,437 ,5/8/1983,10.35,481 ,5/2/1983,10.58,444 ,5/3/1983,10.7,444 ,5/4/1983,10.71,490 ,,
1983,10/13/1983,1.86,46 ,10/13/1983,1.92,136 ,10/13/1983,1.92,281 ,5/26/1984,2.34,224 ,5/26/1984,2.35,329 ,3/21/1984,2.71,267 ,3/22/1984,3.07,236 ,3/23/1984,3.1,302 ,3/23/1984,3.12,378 ,3/22/1984,3.45,334 ,3/23/1984,3.48,407 ,3/22/1984,3.49,500 ,3/23/1984,3.52,607 ,3/23/1984,3.54,717 ,12/12/1983,3.59,797 ,12/12/1983,3.62,924 ,12/14/1983,3.68,1041 ,12/6/1983,3.86,1026 ,12/7/1983,3.89,1174 ,12/12/1983,4.27,906 ,12/6/1983,4.39,953 ,12/6/1983,4.68,829 ,12/7/1983,4.710001,930 ,12/12/1983,4.92,871 ,12/13/1983,4.92,1011 ,12/6/1983,5.17,924 ,12/12/1983,5.45,803 ,12/12/1983,5.74,739 ,12/12/1983,5.74,845 ,12/14/1983,5.83,908 ,12/15/1983,5.860001,998 ,12/12/1983,6.23,811 ,12/12/1983,6.25,896 ,12/14/1983,6.320001,948 ,12/15/1983,6.35,1035 ,12/16/1983,6.39,1106 ,12/16/1983,6.410001,1212 ,12/22/1983,6.590001,1169 ,12/23/1983,6.59,1294 ,12/24/1983,6.61,1410 ,12/12/1983,6.81,1359 ,12/22/1983,7.080001,1219 ,12/22/1983,7.1,1313 ,12/24/1983,7.1,1427 ,12/24/1983,7.12,1538 ,4/27/1984,7.219999,1586 ,4/27/1984,7.22,1716 ,12/28/1983,7.52,1562 ,12/29/1983,7.55,1661 ,12/30/1983,7.57,1768 ,12/22/1983,7.660001,1829 ,12/22/1983,7.680001,1946 ,12/22/1983,7.68,2078 ,12/24/1983,7.7,2194 ,12/6/1983,8.280001,1676 ,12/6/1983,8.339999,1747 ,12/7/1983,8.37,1833 ,12/9/1983,8.490001,1811 ,12/9/1983,8.550002,1867 ,12/9/1983,8.550001,1983 ,,
1984,11/11/1984,1.8,52 ,8/15/1985,3.15,20 ,8/15/1985,3.21,33 ,8/16/1985,3.21,55 ,8/18/1985,3.49,59 ,8/18/1985,3.55,81 ,8/19/1985,3.55,114 ,8/18/1985,3.55,165 ,8/20/1985,3.55,228 ,4/5/1985,3.6,268 ,4/6/1985,3.98,230 ,4/7/1985,4.03,254 ,8/26/1985,4.28,232 ,8/27/1985,5.1,123 ,8/27/1985,5.16,146 ,8/27/1985,5.16,181 ,8/30/1985,5.22,205 ,8/30/1985,5.28,228 ,8/30/1985,5.28,270 ,8/31/1985,5.28,320 ,8/27/1985,5.29,376 ,8/27/1985,5.36,428 ,8/27/1985,5.39,490 ,9/6/1985,6.52,206 ,9/6/1985,6.58,223 ,9/7/1985,6.58,266 ,9/9/1985,7.37,116 ,9/10/1985,7.44,130 ,9/10/1985,7.5,149 ,9/11/1985,7.51,175 ,9/11/1985,7.51,210 ,9/11/1985,7.510001,254 ,9/14/1985,7.51,303 ,9/9/1985,7.56,338 ,9/9/1985,7.63,376 ,9/10/1985,7.7,408 ,9/10/1985,7.730001,447 ,9/11/1985,7.74,501 ,9/11/1985,7.740001,569 ,8/18/1985,7.79,613 ,9/9/1985,7.93,621 ,8/15/1985,8.12,585 ,9/6/1985,8.33,559 ,9/6/1985,8.33,618 ,8/27/1985,8.620001,532 ,9/9/1985,9.18,391 ,9/10/1985,9.249999,422 ,9/11/1985,9.26,455 ,8/27/1985,9.400001,456 ,8/28/1985,9.4,504 ,8/29/1985,9.4,552 ,8/30/1985,9.520001,537 ,8/27/1985,9.690001,554 ,8/27/1985,10.07,482 ,8/28/1985,10.07,522 ,8/27/1985,10.26,487 ,8/28/1985,10.26,537 ,9/9/1985,10.89,350 ,9/10/1985,10.96,375 ,9/11/1985,10.97,410 ,,
1985,10/19/1985,2.14,25 ,9/23/1986,2.39,66 ,9/25/1986,2.78,66 ,9/25/1986,4.21,13 ,9/26/1986,4.23,20 ,9/27/1986,4.78,20 ,9/28/1986,4.78,29 ,9/29/1986,5.36,27 ,9/30/1986,5.76,24 ,9/30/1986,5.76,31 ,9/30/1986,5.76,39 ,9/30/1986,5.76,47 ,9/30/1986,5.81,56 ,9/30/1986,5.81,67 ,9/30/1986,5.82,79 ,9/30/1986,5.82,93 ,9/27/1986,5.86,104 ,9/27/1986,5.86,126 ,9/29/1986,6.440001,83 ,9/30/1986,6.840001,63 ,9/30/1986,6.84,75 ,9/30/1986,6.840001,89 ,9/30/1986,6.840001,108 ,9/30/1986,6.84,131 ,9/30/1986,6.84,154 ,9/30/1986,6.840001,182 ,9/30/1986,7.03,188 ,9/30/1986,7.03,234 ,9/30/1986,7.030001,278 ,9/30/1986,7.03,336 ,9/30/1986,7.03,390 ,9/30/1986,7.03,455 ,9/30/1986,7.03,514 ,9/30/1986,7.04,569 ,9/29/1986,7.47,439 ,9/30/1986,7.87,361 ,9/30/1986,7.870001,410 ,9/30/1986,7.87,467 ,9/30/1986,8.02,472 ,9/30/1986,8.02,524 ,9/30/1986,8.02,585 ,9/30/1986,8.02,648 ,9/30/1986,8.02,722 ,12/1/1985,8.04,787 ,12/1/1985,8.210001,741 ,12/2/1985,8.320001,754 ,9/30/1986,8.33,826 ,11/28/1985,8.59,749 ,11/28/1985,8.680001,757 ,11/28/1985,8.79,749 ,12/1/1985,8.92,745 ,12/2/1985,9.030001,748 ,12/2/1985,9.120001,769 ,12/2/1985,9.230001,795 ,12/2/1985,9.320002,810 ,12/2/1985,9.330001,874 ,12/5/1985,9.340001,946 ,12/6/1985,9.450002,963 ,12/6/1985,9.540002,977 ,12/2/1985,9.630002,990 ,,
1986,8/22/1987,2.87,8 ,8/22/1987,3.07,21 ,8/23/1987,3.07,42 ,8/22/1987,3.17,61 ,8/26/1987,4.03,29 ,8/27/1987,5.3,13 ,8/28/1987,5.83,13 ,8/28/1987,6.03,12 ,8/29/1987,6.07,16 ,8/28/1987,6.13,20 ,8/29/1987,6.17,23 ,8/28/1987,6.639999,18 ,8/29/1987,6.679999,23 ,8/30/1987,6.679999,28 ,8/31/1987,6.69,31 ,9/1/1987,6.69,37 ,9/2/1987,6.760001,39 ,9/3/1987,6.759999,47 ,9/4/1987,6.759999,56 ,8/28/1987,7.239999,45 ,8/29/1987,7.279999,52 ,8/29/1987,7.28,61 ,8/31/1987,7.29,70 ,8/31/1987,7.289999,80 ,9/15/1987,7.429999,82 ,9/15/1987,7.629999,77 ,9/16/1987,7.64,89 ,8/28/1987,8.09,75 ,8/29/1987,8.13,89 ,9/15/1987,8.239999,100 ,9/16/1987,8.25,115 ,9/17/1987,8.41,114 ,9/18/1987,8.699999,96 ,9/19/1987,8.740001,108 ,9/20/1987,8.749999,127 ,9/21/1987,8.85,135 ,9/21/1987,8.850001,153 ,9/21/1987,8.85,177 ,9/21/1987,8.86,205 ,9/17/1987,9.009999,217 ,9/18/1987,9.3,189 ,9/19/1987,9.339999,210 ,9/20/1987,9.349999,241 ,9/21/1987,9.450001,252 ,9/21/1987,9.449999,290 ,9/15/1987,9.690001,269 ,9/16/1987,9.700001,313 ,9/17/1987,9.860001,297 ,9/18/1987,10.15,249 ,9/19/1987,10.19,272 ,9/20/1987,10.2,304 ,9/21/1987,10.3,323 ,9/22/1987,10.3,364 ,9/21/1987,10.3,399 ,9/24/1987,10.3,437 ,9/18/1987,10.36,435 ,9/19/1987,10.4,463 ,9/21/1987,10.44,492 ,9/21/1987,10.51,517 ,9/29/1987,10.54,560 ,,
1987,7/17/1988,2.58,13 ,7/17/1988,2.62,39 ,7/19/1988,2.72,71 ,8/18/1988,2.91,88 ,8/19/1988,3.12,107 ,7/22/1988,3.99,48 ,7/23/1988,4.54,37 ,7/23/1988,4.58,49 ,7/25/1988,4.7,61 ,7/26/1988,5.21,46 ,7/26/1988,5.25,55 ,7/28/1988,5.36,64 ,7/28/1988,5.400001,72 ,7/28/1988,5.4,86 ,7/31/1988,5.71,88 ,7/31/1988,5.75,100 ,7/31/1988,5.75,121 ,8/23/1988,5.88,121 ,8/24/1988,5.88,147 ,8/24/1988,5.88,178 ,8/6/1988,6.97,67 ,8/6/1988,7.01,79 ,8/6/1988,7.01,93 ,8/9/1988,7.03,108 ,8/9/1988,7.07,124 ,8/11/1988,7.86,71 ,8/11/1988,7.9,81 ,8/18/1988,8.04,81 ,8/19/1988,8.25,83 ,8/15/1988,9.150001,17 ,8/15/1988,9.19,23 ,8/16/1988,9.19,29 ,8/18/1988,10.77,5 ,8/19/1988,10.98,7 ,8/19/1988,11.02,9 ,8/19/1988,11.02,11 ,8/19/1988,11.02,13 ,8/23/1988,11.61,14 ,8/23/1988,11.65,16 ,8/24/1988,11.65,19 ,8/25/1988,11.65,21 ,8/26/1988,11.65,23 ,8/28/1988,11.99,23 ,8/28/1988,12.03,27 ,8/29/1988,12.03,29 ,8/30/1988,12.03,31 ,8/30/1988,12.03,34 ,8/30/1988,12.03,39 ,9/3/1988,12.31,34 ,9/4/1988,13.05,16 ,9/5/1988,13.18,14 ,9/5/1988,13.22,15 ,9/6/1988,13.22,19 ,9/5/1988,13.22,27 ,9/7/1988,13.22,35 ,9/5/1988,13.22,45 ,9/5/1988,13.3,47 ,9/12/1988,13.41,44 ,9/13/1988,13.47,49 ,9/13/1988,13.51,57 ,,
1988,5/31/1989,1.75,60 ,6/1/1989,2.8,30 ,6/2/1989,2.92,52 ,6/3/1989,3.28,52 ,6/4/1989,3.39,73 ,6/4/1989,3.42,101 ,11/10/1988,3.58,109 ,6/1/1989,4.13,79 ,6/2/1989,4.25,91 ,6/3/1989,4.61,81 ,6/4/1989,4.72,96 ,6/4/1989,4.72,115 ,6/4/1989,4.72,143 ,6/7/1989,4.73,180 ,6/3/1989,5,174 ,6/4/1989,5.11,189 ,6/4/1989,5.19,215 ,6/4/1989,5.190001,255 ,9/16/1989,5.25,280 ,9/17/1989,5.53,261 ,9/17/1989,5.6,283 ,6/21/1989,6.73,104 ,6/22/1989,6.78,117 ,6/22/1989,6.809999,137 ,6/23/1989,6.81,163 ,6/24/1989,6.81,189 ,6/21/1989,7.04,186 ,6/21/1989,8.059999,78 ,6/22/1989,8.11,91 ,6/23/1989,8.11,112 ,6/22/1989,8.11,136 ,6/25/1989,8.110001,157 ,6/21/1989,8.450002,128 ,6/21/1989,8.53,138 ,6/22/1989,8.580001,153 ,6/23/1989,8.580001,182 ,6/23/1989,8.580001,210 ,6/22/1989,8.58,242 ,6/27/1989,8.720001,241 ,6/21/1989,8.879999,229 ,6/21/1989,8.999999,247 ,6/22/1989,9.05,266 ,6/22/1989,9.05,302 ,6/23/1989,9.049999,338 ,6/22/1989,9.07,372 ,6/27/1989,9.150001,397 ,6/27/1989,9.27,415 ,6/28/1989,9.280001,443 ,6/28/1989,9.28,487 ,6/27/1989,9.290001,531 ,6/28/1989,9.3,580 ,7/2/1989,9.320001,627 ,7/3/1989,9.340001,670 ,9/17/1989,9.490001,655 ,9/18/1989,9.490001,712 ,6/27/1989,9.51,765 ,9/14/1989,9.739999,731 ,9/14/1989,9.93,717 ,9/16/1989,10.28,634 ,9/17/1989,10.56,546 ,,
1989,8/19/1990,3.6,4 ,8/20/1990,3.64,10 ,8/21/1990,3.99,11 ,8/22/1990,3.99,19 ,8/23/1990,4.01,30 ,8/24/1990,4.01,46 ,8/19/1990,4.46,39 ,8/19/1990,5.4,26 ,8/19/1990,5.45,30 ,8/21/1990,5.79,30 ,8/21/1990,5.84,36 ,8/21/1990,5.84,44 ,8/19/1990,6.05,43 ,8/20/1990,6.09,52 ,8/21/1990,6.44,42 ,8/19/1990,6.83,32 ,8/20/1990,6.87,35 ,8/21/1990,7.22,37 ,8/21/1990,7.22,40 ,8/23/1990,7.24,44 ,8/24/1990,7.24,53 ,8/23/1990,7.24,63 ,8/26/1990,7.24,73 ,8/27/1990,7.24,85 ,8/23/1990,7.24,99 ,9/7/1990,7.57,80 ,9/7/1990,8.510001,31 ,9/7/1990,8.56,34 ,9/8/1990,8.56,41 ,9/9/1990,8.559999,55 ,9/7/1990,8.56,74 ,9/7/1990,9.16,31 ,9/7/1990,9.16,44 ,9/7/1990,9.27,51 ,9/7/1990,9.94,25 ,9/8/1990,9.940001,29 ,9/9/1990,9.940001,37 ,9/8/1990,9.94,47 ,9/19/1990,10.34,43 ,9/19/1990,10.39,47 ,9/21/1990,10.77,45 ,9/22/1990,11.09,37 ,9/22/1990,11.14,42 ,9/16/1990,11.19,45 ,9/16/1990,11.19,52 ,9/21/1990,11.42,51 ,9/19/1990,11.77,46 ,9/19/1990,11.77,55 ,9/21/1990,12.2,39 ,9/22/1990,12.52,35 ,9/23/1990,12.53,42 ,9/24/1990,12.53,49 ,9/24/1990,12.53,61 ,9/23/1990,12.53,73 ,9/26/1990,12.53,84 ,9/27/1990,12.53,96 ,9/29/1990,12.53,106 ,9/30/1990,12.61,113 ,9/30/1990,12.61,124 ,9/30/1990,12.61,137 ,,
1990,11/5/1990,1.78,54 ,10/10/1990,2.63,38 ,10/10/1990,2.81,63 ,10/10/1990,2.84,104 ,10/11/1990,2.85,158 ,10/10/1990,2.86,217 ,10/10/1990,3.58,107 ,10/11/1990,3.59,151 ,10/11/1990,3.59,209 ,10/11/1990,3.59,275 ,10/11/1990,3.59,349 ,10/15/1990,3.66,398 ,8/20/1991,3.92,389 ,8/20/1991,3.92,475 ,10/18/1990,4.17,424 ,10/19/1990,4.18,525 ,10/20/1990,4.180001,625 ,8/20/1991,4.22,708 ,9/4/1991,4.41,654 ,9/5/1991,4.41,771 ,9/4/1991,4.68,706 ,9/4/1991,4.860001,691 ,9/5/1991,4.86,800 ,8/31/1991,5.52,501 ,9/1/1991,5.52,579 ,9/1/1991,5.52,663 ,9/1/1991,5.52,760 ,9/4/1991,6.18,542 ,9/4/1991,6.18,608 ,9/6/1991,6.18,688 ,9/4/1991,6.179999,781 ,9/5/1991,6.18,873 ,9/9/1991,6.55,715 ,9/10/1991,6.58,786 ,9/10/1991,6.58,870 ,9/10/1991,6.58,959 ,9/4/1991,6.64,1019 ,9/4/1991,6.89,943 ,9/5/1991,6.89,1047 ,9/5/1991,6.89,1165 ,9/6/1991,6.89,1281 ,9/9/1991,7.01,1295 ,9/9/1991,7.26,1198 ,9/10/1991,7.29,1283 ,9/4/1991,7.33,1368 ,9/4/1991,7.4,1435 ,9/4/1991,7.4,1548 ,9/6/1991,7.400001,1667 ,9/9/1991,7.6,1622 ,9/9/1991,7.7,1670 ,9/9/1991,7.77,1717 ,9/10/1991,7.8,1819 ,9/11/1991,7.800001,1938 ,9/10/1991,7.8,2077 ,9/13/1991,7.8,2236 ,9/10/1991,7.8,2383 ,9/11/1991,7.8,2535 ,9/14/1991,7.800001,2702 ,9/4/1991,8.140001,2372 ,9/4/1991,8.24,2408 ,,
1991,6/18/1992,1.63,79 ,8/28/1992,2.15,93 ,8/29/1992,2.15,180 ,8/28/1992,2.15,299 ,7/17/1992,2.2,420 ,7/17/1992,2.49,365 ,7/18/1992,2.49,502 ,9/3/1992,2.87,388 ,9/4/1992,2.87,513 ,4/25/1992,2.97,583 ,9/18/1992,3.16,585 ,9/18/1992,3.24,634 ,9/8/1992,3.29,766 ,9/9/1992,3.57,671 ,9/10/1992,4.37,323 ,9/11/1992,4.37,394 ,9/11/1992,4.37,484 ,9/10/1992,4.4,562 ,9/10/1992,4.4,663 ,9/15/1992,4.78,546 ,9/16/1992,5.210001,421 ,9/16/1992,5.21,501 ,9/18/1992,6.11,257 ,9/18/1992,6.11,313 ,9/20/1992,6.11,378 ,9/21/1992,6.41,330 ,9/22/1992,6.59,309 ,9/23/1992,6.590001,356 ,9/23/1992,6.59,416 ,9/22/1992,6.62,473 ,9/23/1992,6.62,548 ,9/27/1992,6.850001,508 ,9/28/1992,6.85,576 ,9/29/1992,6.849999,647 ,9/27/1992,6.88,701 ,9/28/1992,6.88,775 ,9/27/1992,6.880001,853 ,9/29/1992,6.880001,945 ,9/27/1992,6.88,1052 ,9/27/1992,6.89,1158 ,9/27/1992,6.89,1280 ,9/18/1992,7.2,1136 ,9/19/1992,7.2,1246 ,9/20/1992,7.200001,1359 ,9/21/1992,7.5,1248 ,9/22/1992,7.68,1237 ,9/23/1992,7.68,1347 ,8/28/1992,7.91,1240 ,8/28/1992,7.91,1347 ,9/18/1992,8.24,1186 ,9/18/1992,8.66,938 ,9/18/1992,8.699999,1007 ,9/18/1992,8.7,1102 ,9/21/1992,8.959999,935 ,9/22/1992,9.14,911 ,9/22/1992,9.18,971 ,9/22/1992,9.18,1065 ,9/18/1992,9.27,1080 ,9/10/1992,9.709999,881 ,9/10/1992,9.84,874 ,,
1992,1/4/1993,1.44,127 ,1/5/1993,1.86,158 ,1/5/1993,2.05,204 ,6/8/1993,2.06,341 ,6/9/1993,2.23,403 ,1/4/1993,2.8,236 ,1/5/1993,3.22,189 ,1/5/1993,3.54,170 ,1/5/1993,3.54,237 ,1/6/1993,3.54,308 ,1/8/1993,3.58,353 ,1/10/1993,3.79,335 ,1/10/1993,4.11,295 ,1/10/1993,4.11,377 ,1/13/1993,4.23,391 ,1/13/1993,4.55,334 ,1/14/1993,4.55,407 ,1/15/1993,4.58,468 ,1/15/1993,4.58,547 ,1/17/1993,4.59,646 ,1/17/1993,4.590001,762 ,1/17/1993,4.59,896 ,1/21/1993,4.97,717 ,1/21/1993,5.29,630 ,1/22/1993,5.49,596 ,1/22/1993,5.490001,685 ,1/24/1993,5.680001,671 ,1/25/1993,5.710001,759 ,1/26/1993,5.710001,869 ,9/27/1993,5.860001,890 ,9/28/1993,5.950001,940 ,9/28/1993,5.98,1035 ,9/30/1993,6.03,1107 ,9/30/1993,6.06,1209 ,9/27/1993,6.19,1216 ,11/13/1992,6.3,1210 ,11/14/1992,6.34,1300 ,11/14/1992,6.37,1393 ,11/14/1992,6.370001,1540 ,11/16/1992,6.38,1683 ,11/17/1992,6.390001,1821 ,11/18/1992,6.4,1976 ,11/25/1992,6.42,2119 ,9/28/1993,6.480001,2187 ,11/22/1992,6.78,1969 ,11/23/1992,7.160001,1625 ,11/23/1992,7.190001,1737 ,11/25/1992,7.32,1741 ,11/26/1992,7.350001,1840 ,11/26/1992,7.380001,1965 ,11/27/1992,7.380001,2119 ,11/28/1992,7.390002,2268 ,11/29/1992,7.390001,2435 ,11/29/1992,7.390001,2591 ,2/21/1993,7.420002,2742 ,2/22/1993,7.630001,2584 ,2/23/1993,7.720001,2626 ,2/24/1993,7.750002,2753 ,2/25/1993,7.75,2931 ,1/10/1993,7.89,2942 ,,
1993,6/24/1994,1.27,189 ,6/25/1994,2.12,97 ,6/26/1994,2.32,138 ,6/26/1994,2.32,231 ,6/26/1994,2.32,345 ,6/25/1994,2.79,241 ,6/26/1994,2.99,250 ,6/27/1994,2.99,336 ,6/26/1994,2.99,436 ,6/29/1994,3.2,439 ,6/30/1994,3.2,550 ,7/5/1994,3.65,400 ,6/25/1994,4.25,243 ,6/26/1994,4.45,247 ,6/26/1994,4.53,279 ,6/27/1994,4.53,342 ,6/29/1994,4.66,361 ,6/29/1994,4.74,403 ,6/30/1994,4.74,478 ,7/1/1994,4.74,567 ,6/26/1994,4.85,605 ,6/27/1994,4.85,703 ,7/5/1994,5.78,332 ,7/5/1994,5.86,378 ,7/5/1994,5.86,444 ,7/7/1994,5.87,515 ,7/9/1994,5.92,574 ,7/9/1994,6,632 ,7/10/1994,6.01,707 ,7/5/1994,6.18,689 ,7/6/1994,6.18,776 ,7/7/1994,6.190001,864 ,7/8/1994,6.23,917 ,7/9/1994,6.32,951 ,7/10/1994,6.330001,1049 ,7/11/1994,6.33,1180 ,7/10/1994,6.33,1311 ,7/13/1994,6.35,1430 ,7/14/1994,6.35,1594 ,7/22/1994,6.440001,1600 ,7/5/1994,6.59,1562 ,7/5/1994,6.63,1667 ,7/25/1994,6.99,1427 ,7/25/1994,7.07,1465 ,7/26/1994,7.120001,1532 ,7/26/1994,7.12,1668 ,7/27/1994,7.12,1816 ,7/29/1994,7.12,1967 ,7/26/1994,7.129999,2109 ,7/25/1994,7.390001,1960 ,7/26/1994,7.440001,2067 ,8/14/1994,7.47,2175 ,8/4/1994,7.710001,2042 ,8/4/1994,7.79,2096 ,8/13/1994,7.94,2054 ,8/14/1994,8.140001,1959 ,8/15/1994,8.14,2087 ,8/14/1994,8.14,2227 ,8/17/1994,8.14,2374 ,8/11/1994,8.580001,1961 ,,
1994,7/24/1995,2.08,30 ,7/24/1995,2.44,55 ,8/4/1995,2.76,69 ,8/4/1995,3.1,70 ,8/5/1995,3.21,94 ,8/5/1995,3.21,140 ,8/7/1995,3.21,197 ,7/24/1995,3.91,106 ,7/25/1995,4.01,121 ,7/25/1995,4.01,165 ,8/3/1995,4.25,156 ,8/4/1995,5.28,68 ,8/4/1995,5.64,62 ,8/5/1995,5.75,73 ,8/5/1995,5.75,86 ,8/4/1995,6.139999,76 ,8/5/1995,6.25,77 ,8/6/1995,6.25,92 ,8/4/1995,7.11,44 ,8/5/1995,7.22,48 ,8/6/1995,7.22,56 ,8/4/1995,7.33,59 ,8/5/1995,7.44,57 ,8/9/1995,7.45,66 ,8/10/1995,7.45,74 ,8/8/1995,7.589999,79 ,8/9/1995,7.670001,87 ,8/9/1995,7.669999,105 ,8/10/1995,7.669999,128 ,8/9/1995,7.67,153 ,8/9/1995,7.68,181 ,8/17/1995,7.920001,190 ,8/18/1995,7.97,212 ,8/19/1995,7.969999,246 ,8/17/1995,8.139999,237 ,8/18/1995,8.19,260 ,8/19/1995,8.19,301 ,8/4/1995,8.8,191 ,8/4/1995,9.55,108 ,8/4/1995,9.720001,98 ,8/5/1995,9.83,106 ,8/5/1995,9.84,121 ,8/5/1995,9.910001,127 ,8/8/1995,9.98,135 ,8/9/1995,10.06,145 ,8/9/1995,10.07,172 ,8/9/1995,10.14,184 ,8/10/1995,10.14,215 ,8/9/1995,10.14,251 ,8/14/1995,10.18,276 ,8/15/1995,10.22,299 ,8/17/1995,10.36,288 ,8/17/1995,10.53,287 ,8/18/1995,10.58,309 ,8/17/1995,10.61,326 ,8/18/1995,10.66,340 ,8/18/1995,10.66,371 ,8/18/1995,10.66,408 ,8/19/1995,10.66,451 ,8/22/1995,10.66,498 ,,
1995,6/18/1996,1.68,71 ,6/18/1996,1.89,151 ,6/19/1996,1.96,255 ,6/19/1996,1.96,420 ,6/20/1996,1.96,631 ,9/12/1996,2.2,607 ,9/13/1996,2.25,775 ,9/14/1996,2.48,717 ,9/15/1996,2.5,909 ,11/11/1995,2.7,864 ,4/22/1996,3.02,715 ,4/23/1996,3.06,854 ,6/18/1996,3.26,785 ,6/19/1996,3.33,888 ,6/20/1996,3.33,1087 ,11/11/1995,3.89,713 ,11/11/1995,3.91,843 ,11/12/1995,3.91,989 ,4/30/1996,4.23,819 ,9/28/1996,4.33,841 ,9/27/1996,4.61,756 ,9/28/1996,4.92,657 ,9/29/1996,4.92,760 ,9/28/1996,4.92,865 ,9/28/1996,4.92,1008 ,5/10/1996,4.95,1120 ,5/11/1996,5.08,1164 ,5/10/1996,5.4,957 ,5/10/1996,5.73,854 ,5/11/1996,5.86,893 ,5/12/1996,5.86,1004 ,5/11/1996,5.87,1113 ,5/11/1996,5.91,1217 ,5/15/1996,6.02,1248 ,5/16/1996,6.04,1351 ,5/16/1996,6.039999,1493 ,5/21/1996,6.22,1461 ,5/22/1996,6.22,1633 ,5/21/1996,6.67,1239 ,5/21/1996,7,1082 ,5/22/1996,7,1187 ,5/23/1996,7.03,1290 ,5/21/1996,7.05,1372 ,5/22/1996,7.05,1497 ,5/23/1996,7.08,1583 ,5/24/1996,7.08,1718 ,5/28/1996,7.08,1859 ,5/21/1996,7.17,1900 ,5/22/1996,7.17,2044 ,6/18/1996,7.22,2162 ,6/18/1996,7.51,1984 ,6/19/1996,7.58,2045 ,6/20/1996,7.58,2190 ,6/18/1996,7.66,2239 ,6/6/1996,7.8,2234 ,6/6/1996,8.13,1981 ,6/7/1996,8.22,2017 ,6/18/1996,8.29,2051 ,6/9/1996,8.56,1863 ,6/18/1996,9.299999,1249 ,,
1996,7/26/1997,2.01,35 ,2/22/1997,2.05,104 ,2/22/1997,2.27,152 ,2/23/1997,2.35,222 ,2/23/1997,2.35,327 ,2/26/1997,2.41,425 ,2/27/1997,3.42,146 ,2/27/1997,3.64,141 ,2/28/1997,3.64,190 ,3/1/1997,3.74,224 ,3/2/1997,3.75,281 ,2/27/1997,3.8,331 ,2/27/1997,3.83,407 ,3/1/1997,3.9,484 ,3/6/1997,4.07,492 ,3/7/1997,4.08,594 ,3/8/1997,4.12,679 ,3/9/1997,4.21,711 ,3/10/1997,4.24,806 ,3/11/1997,4.29,887 ,3/14/1997,4.32,1004 ,3/14/1997,5.73,293 ,3/14/1997,5.95,289 ,3/15/1997,5.99,345 ,3/16/1997,5.99,409 ,3/16/1997,5.99,475 ,3/14/1997,6.11,503 ,3/15/1997,6.15,556 ,3/15/1997,6.180001,606 ,3/15/1997,6.19,686 ,3/14/1997,6.280001,691 ,3/15/1997,6.32,759 ,3/15/1997,6.33,833 ,3/25/1997,6.490001,835 ,3/26/1997,6.49,931 ,3/27/1997,6.49,1031 ,3/29/1997,7.399999,581 ,3/29/1997,7.619999,562 ,3/30/1997,7.729999,573 ,3/31/1997,7.78,619 ,3/31/1997,7.779999,690 ,4/1/1997,7.780001,766 ,4/4/1997,8.03,714 ,4/5/1997,8.63,479 ,4/5/1997,8.85,439 ,4/6/1997,8.9,470 ,4/6/1997,8.9,520 ,4/8/1997,8.900001,576 ,4/5/1997,9.01,587 ,4/6/1997,9.06,617 ,4/6/1997,9.090001,657 ,4/6/1997,9.100001,706 ,4/5/1997,9.18,754 ,4/6/1997,9.23,796 ,4/6/1997,9.240001,856 ,4/6/1997,9.240001,926 ,4/13/1997,9.27,993 ,4/13/1997,9.3,1066 ,4/13/1997,9.31,1134 ,4/12/1997,9.39,1190 ,,
1997,8/6/1998,4.54,1 ,8/6/1998,4.94,2 ,8/7/1998,5.34,3 ,8/9/1998,5.95,2 ,8/9/1998,6.35,2 ,8/9/1998,6.43,3 ,8/10/1998,6.440001,4 ,8/10/1998,6.44,6 ,8/12/1998,6.44,8 ,8/15/1998,7.2,7 ,8/15/1998,7.6,9 ,8/15/1998,7.680001,9 ,8/16/1998,7.680001,10 ,8/18/1998,7.940001,12 ,8/18/1998,8.02,13 ,8/18/1998,8.02,16 ,8/18/1998,8.02,18 ,8/21/1998,8.02,20 ,8/19/1998,8.02,22 ,8/22/1998,8.02,24 ,8/25/1998,8.420001,20 ,8/25/1998,8.500001,17 ,8/25/1998,8.5,19 ,8/25/1998,8.5,21 ,8/29/1998,8.55,23 ,8/29/1998,8.63,25 ,8/30/1998,8.63,27 ,9/2/1998,8.650001,30 ,9/2/1998,9.050001,18 ,9/2/1998,9.13,18 ,9/3/1998,9.13,25 ,9/2/1998,9.13,34 ,9/2/1998,9.13,47 ,9/7/1998,9.49,34 ,9/7/1998,9.570001,42 ,9/7/1998,9.570001,56 ,9/9/1998,9.570001,70 ,9/10/1998,9.570001,85 ,9/11/1998,9.58,101 ,9/11/1998,9.58,126 ,9/11/1998,9.58,145 ,9/16/1998,9.64,161 ,9/16/1998,10.04,102 ,9/16/1998,10.12,112 ,9/17/1998,10.12,133 ,9/18/1998,10.12,160 ,9/17/1998,10.12,190 ,9/21/1998,10.29,185 ,9/21/1998,10.37,197 ,9/22/1998,10.38,220 ,9/23/1998,10.38,248 ,8/15/1998,11.24,143 ,8/15/1998,11.24,161 ,8/15/1998,11.24,178 ,8/18/1998,11.58,178 ,8/19/1998,11.58,193 ,8/20/1998,11.58,208 ,8/18/1998,11.62,225 ,8/18/1998,11.72,226 ,8/15/1998,12,205 ,,
1998,9/29/1999,2.12,26 ,9/30/1999,2.2,84 ,9/30/1999,2.2,167 ,9/30/1999,2.2,285 ,7/23/1999,2.63,222 ,7/23/1999,2.65,299 ,7/23/1999,3.59,106 ,7/24/1999,3.6,147 ,7/24/1999,3.6,200 ,7/26/1999,3.7,233 ,7/27/1999,3.71,295 ,7/28/1999,3.71,371 ,7/29/1999,3.79,420 ,7/30/1999,3.79,514 ,4/23/1999,4.08,490 ,4/23/1999,4.08,595 ,4/23/1999,4.08,717 ,7/26/1999,4.11,812 ,8/4/1999,4.43,650 ,4/23/1999,4.759999,560 ,4/23/1999,4.76,659 ,4/25/1999,4.759999,772 ,7/23/1999,5.25,564 ,7/24/1999,5.26,654 ,7/23/1999,5.559999,567 ,7/24/1999,5.57,642 ,7/23/1999,6.559999,323 ,7/24/1999,6.57,369 ,7/23/1999,6.73,361 ,7/24/1999,6.74,416 ,7/25/1999,6.74,491 ,7/26/1999,6.839999,518 ,7/27/1999,6.85,580 ,7/28/1999,6.849999,646 ,7/29/1999,6.929999,678 ,7/29/1999,6.929999,751 ,7/31/1999,7.06,771 ,8/1/1999,7.06,846 ,8/4/1999,7.4,725 ,7/23/1999,7.63,699 ,7/23/1999,8.24,470 ,7/23/1999,8.27,516 ,7/24/1999,8.28,573 ,7/26/1999,8.35,609 ,7/26/1999,8.38,661 ,7/27/1999,8.39,721 ,7/29/1999,8.440001,748 ,7/29/1999,8.469999,815 ,7/31/1999,8.570001,841 ,7/31/1999,8.6,899 ,8/1/1999,8.6,989 ,7/31/1999,8.620001,1075 ,8/4/1999,9.08,792 ,8/4/1999,9.110001,848 ,8/4/1999,9.110001,927 ,8/7/1999,9.360001,858 ,8/7/1999,9.39,925 ,8/8/1999,9.420001,1001 ,8/10/1999,9.530001,988 ,8/10/1999,9.56,1037 ,,
1999,6/25/2000,3.17,6 ,6/25/2000,3.4,15 ,9/12/2000,3.68,18 ,9/12/2000,3.68,29 ,9/14/2000,4.16,22 ,9/15/2000,4.2,37 ,9/14/2000,4.23,48 ,6/25/2000,4.31,63 ,6/26/2000,4.34,80 ,6/27/2000,4.34,104 ,6/25/2000,4.44,119 ,6/25/2000,4.52,140 ,6/25/2000,5.04,113 ,6/25/2000,5.36,93 ,6/25/2000,5.83,78 ,6/26/2000,5.86,86 ,7/11/2000,6.63,49 ,7/11/2000,6.86,42 ,7/12/2000,6.86,48 ,7/14/2000,7.17,50 ,7/11/2000,7.41,47 ,7/11/2000,7.44,51 ,7/11/2000,7.44,58 ,7/14/2000,7.95,54 ,7/14/2000,7.98,60 ,7/15/2000,8,65 ,7/14/2000,8.31,56 ,7/15/2000,8.33,65 ,7/11/2000,8.500001,52 ,7/11/2000,8.820001,37 ,7/11/2000,9.29,20 ,7/11/2000,9.290001,24 ,7/14/2000,9.360001,28 ,7/14/2000,9.830001,22 ,7/15/2000,9.85,27 ,7/15/2000,9.85,36 ,7/11/2000,10.31,31 ,7/12/2000,10.31,38 ,7/12/2000,10.31,45 ,7/14/2000,10.85,34 ,7/15/2000,10.87,37 ,7/16/2000,10.87,42 ,8/6/2000,11.25,36 ,8/6/2000,11.48,37 ,8/7/2000,11.66,36 ,8/8/2000,11.66,42 ,8/6/2000,12.03,38 ,8/7/2000,12.21,33 ,8/7/2000,12.24,36 ,8/6/2000,12.39,39 ,8/7/2000,12.57,39 ,8/8/2000,12.57,44 ,8/7/2000,12.57,56 ,7/11/2000,12.79,55 ,7/11/2000,13.21,40 ,8/6/2000,13.44,21 ,8/6/2000,13.91,19 ,8/7/2000,14.09,20 ,8/8/2000,14.09,24 ,8/7/2000,14.09,27 ,,
2000,9/19/2001,1.5,114 ,5/16/2001,1.79,187 ,10/6/2000,1.93,277 ,12/14/2000,2.38,213 ,12/14/2000,2.38,315 ,12/16/2000,2.8,235 ,12/17/2000,3.53,118 ,12/18/2000,3.56,160 ,12/19/2000,3.78,154 ,12/20/2000,3.79,209 ,12/21/2000,4.04,198 ,12/21/2000,4.04,252 ,12/19/2000,4.16,275 ,12/21/2000,4.22,318 ,12/21/2000,4.42,310 ,12/22/2000,4.42,378 ,12/23/2000,4.47,444 ,12/24/2000,4.53,499 ,6/2/2001,5.01,376 ,6/3/2001,5.03,435 ,6/4/2001,5.03,518 ,6/5/2001,5.050001,595 ,6/6/2001,5.32,526 ,6/6/2001,5.32,606 ,6/7/2001,5.320001,698 ,6/2/2001,5.74,561 ,6/3/2001,5.76,643 ,6/3/2001,5.76,735 ,6/5/2001,5.780001,820 ,6/6/2001,6.05,777 ,6/7/2001,6.05,878 ,6/7/2001,6.05,977 ,6/16/2001,6.409999,781 ,6/17/2001,6.41,872 ,6/18/2001,6.680001,813 ,6/19/2001,6.68,900 ,6/21/2001,7.18,698 ,6/21/2001,7.710001,510 ,6/22/2001,8.070001,435 ,6/23/2001,8.090001,477 ,6/24/2001,8.09,536 ,6/25/2001,8.090001,594 ,6/22/2001,8.150001,628 ,6/23/2001,8.170001,687 ,6/21/2001,8.44,612 ,6/22/2001,8.800002,523 ,6/23/2001,8.82,564 ,6/24/2001,8.820001,618 ,6/24/2001,8.820001,681 ,6/23/2001,8.830001,723 ,6/24/2001,8.830002,788 ,6/24/2001,8.830001,859 ,6/23/2001,8.830001,946 ,6/25/2001,8.83,1042 ,6/27/2001,8.830001,1136 ,6/27/2001,8.830002,1243 ,7/3/2001,8.870002,1306 ,7/3/2001,8.870001,1424 ,7/4/2001,8.87,1544 ,6/22/2001,8.960002,1545 ,,
2001,10/16/2001,2.23,20 ,1/31/2002,2.47,53 ,10/16/2001,2.87,59 ,10/17/2001,2.94,84 ,10/16/2001,3.87,37 ,10/16/2001,4.3,31 ,10/17/2001,4.37,44 ,10/18/2001,4.37,59 ,10/19/2001,4.39,75 ,10/20/2001,4.39,95 ,10/16/2001,4.62,101 ,10/16/2001,6.210001,28 ,10/17/2001,6.280001,33 ,10/17/2001,6.29,37 ,10/19/2001,6.300001,47 ,10/19/2001,6.310001,57 ,10/19/2001,6.31,67 ,10/22/2001,6.35,77 ,10/23/2001,6.590001,68 ,10/24/2001,6.77,67 ,10/25/2001,7.31,51 ,10/26/2001,7.489999,50 ,10/26/2001,7.5,55 ,10/26/2001,7.5,63 ,10/27/2001,7.5,70 ,10/26/2001,7.5,81 ,10/31/2001,7.62,91 ,10/31/2001,7.63,112 ,11/2/2001,7.99,106 ,11/2/2001,8,129 ,11/3/2001,8,152 ,11/2/2001,8,177 ,11/2/2001,8,203 ,11/4/2001,8,236 ,11/8/2001,8.04,265 ,11/8/2001,8.05,301 ,11/9/2001,8.05,349 ,11/9/2001,8.05,393 ,11/8/2001,8.05,445 ,11/11/2001,8.05,500 ,11/14/2001,8.06,554 ,11/15/2001,8.14,578 ,11/15/2001,8.15,634 ,11/15/2001,8.15,701 ,11/17/2001,8.150001,774 ,11/19/2001,8.22,823 ,11/19/2001,8.23,909 ,11/20/2001,8.23,996 ,11/20/2001,8.23,1091 ,11/20/2001,8.23,1189 ,11/24/2001,8.250001,1265 ,11/25/2001,8.420001,1228 ,11/25/2001,8.429999,1331 ,11/27/2001,8.530001,1342 ,11/28/2001,8.54,1437 ,11/29/2001,9,1096 ,11/30/2001,9.77,716 ,12/1/2001,9.790001,758 ,12/1/2001,9.800001,817 ,12/2/2001,9.8,889 ,,
2002,9/22/2003,1.54,103 ,4/5/2003,1.58,294 ,9/24/2003,1.59,540 ,9/25/2003,2.4,201 ,9/26/2003,2.4,300 ,9/27/2003,2.86,212 ,9/28/2003,2.89,275 ,9/29/2003,2.92,356 ,9/27/2003,2.98,444 ,4/7/2003,3.05,536 ,4/8/2003,3.08,667 ,4/8/2003,3.11,797 ,9/27/2003,3.29,769 ,9/28/2003,3.32,901 ,5/15/2003,3.37,1026 ,5/15/2003,3.57,964 ,5/15/2003,3.57,1150 ,4/7/2003,3.78,1095 ,4/7/2003,3.85,1205 ,4/8/2003,3.88,1375 ,4/8/2003,3.89,1594 ,4/8/2003,3.89,1844 ,4/9/2003,3.89,2108 ,4/10/2003,3.89,2384 ,5/12/2003,3.91,2620 ,4/7/2003,4.16,2409 ,9/27/2003,4.21,2562 ,5/15/2003,4.24,2802 ,5/15/2003,4.36,2797 ,5/15/2003,4.36,3069 ,5/31/2003,4.690001,2603 ,5/31/2003,4.890001,2425 ,5/6/2003,5.04,2410 ,5/7/2003,5.25,2248 ,9/25/2003,5.39,2207 ,5/9/2003,5.740001,1897 ,9/27/2003,5.85,1959 ,9/28/2003,5.88,2096 ,5/12/2003,6.12,1899 ,5/7/2003,6.24,1931 ,5/7/2003,6.27,2042 ,5/9/2003,6.73,1588 ,5/10/2003,6.82,1627 ,5/10/2003,6.85,1727 ,5/12/2003,7.11,1540 ,5/12/2003,7.14,1653 ,5/13/2003,7.15,1787 ,5/15/2003,7.44,1642 ,5/15/2003,7.47,1754 ,5/15/2003,7.47,1882 ,5/10/2003,7.550001,1923 ,5/10/2003,7.62,1998 ,5/12/2003,7.84,1905 ,5/12/2003,7.910001,1939 ,5/13/2003,7.920001,2074 ,5/15/2003,8.17,1937 ,5/15/2003,8.240001,1978 ,5/15/2003,8.25,2102 ,5/16/2003,8.25,2241 ,5/16/2003,8.250002,2383 ,,
2003,5/21/2004,2.19,22 ,5/22/2004,2.89,27 ,5/23/2004,3.1,39 ,5/24/2004,3.33,49 ,5/25/2004,3.4,70 ,5/26/2004,3.4,102 ,5/27/2004,3.43,140 ,5/24/2004,3.52,175 ,5/22/2004,3.74,166 ,5/23/2004,3.95,181 ,5/24/2004,4.18,168 ,5/21/2004,4.36,164 ,5/22/2004,5.06,107 ,5/23/2004,5.27,104 ,5/24/2004,5.5,100 ,5/25/2004,5.57,112 ,5/23/2004,5.76,117 ,5/24/2004,5.99,116 ,5/25/2004,6.06,134 ,5/25/2004,6.06,157 ,5/22/2004,6.32,149 ,5/22/2004,6.670001,122 ,5/23/2004,6.880001,99 ,5/24/2004,7.11,103 ,5/25/2004,7.180001,114 ,5/26/2004,7.180001,132 ,5/27/2004,7.21,153 ,6/17/2004,7.22,186 ,6/17/2004,7.22,226 ,5/31/2004,7.42,202 ,5/31/2004,7.770001,176 ,6/1/2004,7.89,199 ,6/11/2004,8.26,151 ,6/11/2004,8.290001,173 ,6/11/2004,8.48,167 ,6/11/2004,8.75,149 ,6/12/2004,8.780001,168 ,6/14/2004,8.870001,175 ,6/17/2004,9.389999,123 ,6/17/2004,9.419999,144 ,6/17/2004,9.610001,143 ,6/17/2004,9.879999,111 ,6/12/2004,9.9,130 ,6/14/2004,9.91,150 ,6/14/2004,10.26,120 ,6/15/2004,10.26,141 ,6/17/2004,10.65,121 ,6/17/2004,11,105 ,6/18/2004,11,119 ,6/19/2004,11.01,139 ,6/19/2004,11.01,156 ,6/21/2004,11.02,177 ,6/22/2004,11.12,187 ,6/23/2004,11.12,207 ,6/24/2004,11.12,228 ,6/25/2004,11.13,249 ,6/26/2004,11.13,271 ,6/17/2004,11.25,260 ,6/18/2004,11.25,287 ,6/19/2004,11.26,315 ,,
2004,7/16/2005,2.42,17 ,7/17/2005,2.42,58 ,7/18/2005,2.47,106 ,7/19/2005,2.61,150 ,7/19/2005,2.61,225 ,7/21/2005,3.84,55 ,7/22/2005,3.87,78 ,7/22/2005,3.87,107 ,7/24/2005,4.35,78 ,7/24/2005,4.35,102 ,7/26/2005,4.96,81 ,7/27/2005,5.5,55 ,7/28/2005,5.5,67 ,7/29/2005,5.5,81 ,7/27/2005,5.64,90 ,7/28/2005,5.64,108 ,7/27/2005,5.64,130 ,7/28/2005,5.64,158 ,7/26/2005,5.64,186 ,7/27/2005,6.18,143 ,7/27/2005,6.18,171 ,7/21/2005,6.230001,195 ,7/27/2005,6.71,138 ,7/28/2005,6.710001,162 ,7/24/2005,6.740001,181 ,7/24/2005,7.050001,149 ,7/26/2005,7.350001,120 ,7/27/2005,7.890001,97 ,7/27/2005,8.2,85 ,7/27/2005,8.200001,103 ,7/27/2005,8.200001,122 ,7/29/2005,8.2,141 ,7/29/2005,8.200001,162 ,7/27/2005,8.200001,189 ,7/27/2005,8.200001,215 ,7/27/2005,8.610001,173 ,7/27/2005,8.649999,192 ,7/28/2005,8.650001,223 ,7/29/2005,8.650001,255 ,7/28/2005,8.65,288 ,7/27/2005,8.65,323 ,7/27/2005,8.750001,341 ,7/24/2005,8.820001,362 ,7/24/2005,9,354 ,7/27/2005,9.470001,287 ,7/27/2005,9.97,188 ,7/27/2005,10.15,182 ,7/27/2005,10.15,212 ,7/29/2005,10.15,246 ,7/29/2005,10.15,279 ,7/27/2005,10.15,318 ,7/27/2005,10.58,249 ,7/28/2005,10.58,275 ,7/29/2005,10.58,306 ,7/27/2005,10.59,335 ,7/28/2005,10.59,363 ,7/29/2005,10.59,392 ,7/27/2005,10.59,429 ,7/27/2005,10.61,472 ,7/27/2005,10.63,515 ,,
2005,9/13/2006,2.39,18 ,9/13/2006,3.37,16 ,9/14/2006,3.44,27 ,9/14/2006,3.45,43 ,9/14/2006,3.45,63 ,9/14/2006,3.47,92 ,9/18/2006,3.93,76 ,9/19/2006,3.95,101 ,9/20/2006,3.99,127 ,9/20/2006,4,169 ,9/22/2006,4.01,207 ,9/23/2006,4.22,198 ,9/24/2006,4.56,173 ,9/24/2006,4.570001,213 ,9/24/2006,4.57,259 ,5/26/2006,4.77,267 ,5/26/2006,4.92,289 ,9/13/2006,5.03,300 ,9/14/2006,5.1,340 ,9/13/2006,5.58,244 ,9/13/2006,5.710001,251 ,9/14/2006,5.78,274 ,9/13/2006,6.12,254 ,9/14/2006,6.19,291 ,9/14/2006,6.190001,343 ,9/13/2006,6.82,188 ,9/14/2006,6.89,216 ,9/14/2006,6.92,257 ,9/15/2006,6.92,306 ,9/14/2006,6.92,364 ,9/18/2006,7.38,249 ,9/18/2006,7.41,292 ,9/20/2006,7.44,336 ,9/20/2006,7.47,384 ,9/20/2006,7.47,441 ,9/23/2006,7.67,418 ,9/24/2006,8.01,370 ,9/24/2006,8.04,405 ,9/24/2006,8.04,457 ,9/27/2006,8.110001,467 ,9/27/2006,8.140001,517 ,9/27/2006,8.14,576 ,9/30/2006,8.360002,545 ,9/30/2006,8.39,595 ,9/30/2006,8.39,654 ,9/30/2006,8.39,725 ,9/30/2006,8.39,800 ,9/30/2006,8.39,885 ,9/13/2006,8.759999,718 ,9/13/2006,9.879999,375 ,9/14/2006,9.95,389 ,9/14/2006,9.96,429 ,9/15/2006,9.96,465 ,9/14/2006,9.96,502 ,9/18/2006,10.44,366 ,9/19/2006,10.46,400 ,9/20/2006,10.5,428 ,9/13/2006,10.7,403 ,9/14/2006,10.77,421 ,9/14/2006,10.77,464 ,,
2006,8/20/2007,1.68,73 ,8/20/2007,2.52,45 ,8/21/2007,2.59,91 ,8/22/2007,2.84,105 ,8/23/2007,3.24,87 ,8/25/2007,3.68,70 ,8/25/2007,4.52,38 ,8/25/2007,4.52,52 ,8/25/2007,4.52,67 ,8/25/2007,4.53,86 ,8/25/2007,4.55,108 ,8/26/2007,4.55,136 ,8/26/2007,4.55,176 ,8/27/2007,4.55,223 ,8/28/2007,4.55,273 ,8/25/2007,4.56,331 ,8/25/2007,4.81,318 ,8/25/2007,4.89,357 ,8/25/2007,5.3,265 ,8/25/2007,5.37,299 ,8/25/2007,5.78,231 ,8/26/2007,5.78,276 ,8/26/2007,5.78,333 ,8/25/2007,5.78,391 ,8/25/2007,5.78,462 ,8/26/2007,5.78,546 ,8/20/2007,6.05,533 ,8/21/2007,6.119999,568 ,8/22/2007,6.37,504 ,8/25/2007,7.139999,304 ,8/25/2007,7.14,355 ,8/25/2007,8.049999,169 ,8/25/2007,8.06,197 ,8/26/2007,8.06,223 ,8/25/2007,8.06,258 ,8/27/2007,8.06,296 ,8/27/2007,8.06,339 ,8/25/2007,8.51,259 ,8/25/2007,8.509999,291 ,8/25/2007,8.72,274 ,8/25/2007,8.73,310 ,8/26/2007,8.73,346 ,8/25/2007,8.740001,387 ,8/26/2007,8.740001,443 ,8/27/2007,8.74,489 ,8/26/2007,8.740001,542 ,8/26/2007,8.740001,600 ,8/27/2007,8.740001,659 ,8/30/2007,8.740001,722 ,8/28/2007,8.740001,788 ,9/2/2007,8.74,870 ,8/25/2007,8.96,772 ,8/25/2007,9.040001,819 ,8/26/2007,9.04,897 ,9/11/2007,9.190001,887 ,9/11/2007,9.190001,964 ,9/11/2007,9.400001,916 ,9/11/2007,9.41,1005 ,9/12/2007,9.41,1093 ,8/25/2007,10.09,781 ,,
2007,9/14/2008,2.08,28 ,9/14/2008,3.63,11 ,9/14/2008,3.94,13 ,9/15/2008,4.1,16 ,9/15/2008,4.1,26 ,9/14/2008,4.64,23 ,9/15/2008,4.8,28 ,9/14/2008,4.889999,38 ,9/15/2008,5.05,45 ,9/15/2008,5.05,59 ,9/15/2008,5.13,61 ,9/14/2008,5.24,71 ,9/15/2008,5.4,74 ,9/15/2008,5.4,88 ,9/16/2008,5.4,107 ,9/16/2008,5.4,137 ,9/16/2008,5.4,165 ,9/15/2008,5.44,191 ,9/15/2008,5.44,229 ,9/16/2008,5.44,274 ,9/18/2008,5.44,326 ,9/30/2008,5.52,367 ,6/29/2008,5.57,410 ,7/3/2008,6.4,238 ,7/3/2008,6.41,281 ,7/3/2008,7.14,138 ,7/3/2008,7.28,132 ,7/3/2008,7.28,155 ,7/3/2008,7.29,190 ,7/3/2008,7.41,203 ,7/3/2008,7.69,180 ,7/4/2008,7.690001,214 ,7/5/2008,7.69,255 ,7/3/2008,8.599999,127 ,7/4/2008,8.6,149 ,7/4/2008,8.6,174 ,7/3/2008,8.6,200 ,7/7/2008,8.690001,216 ,7/8/2008,8.86,204 ,7/9/2008,8.860001,231 ,7/10/2008,8.860001,264 ,7/9/2008,8.86,305 ,7/12/2008,9.030001,305 ,7/13/2008,9.03,342 ,7/14/2008,9.03,386 ,7/13/2008,9.030001,427 ,7/12/2008,9.030001,475 ,7/17/2008,9.19,476 ,7/18/2008,9.19,530 ,7/19/2008,9.34,521 ,7/20/2008,9.440001,532 ,1/11/2008,9.500001,545 ,1/11/2008,9.53,577 ,7/3/2008,9.870001,541 ,7/4/2008,9.87,586 ,7/5/2008,9.870001,634 ,7/6/2008,9.870001,681 ,7/3/2008,10.13,648 ,7/4/2008,10.13,705 ,7/9/2008,10.13,766 ,,
2008,6/20/2009,2.65,11 ,6/20/2009,3.17,19 ,6/20/2009,3.17,35 ,6/20/2009,3.51,38 ,6/20/2009,3.51,55 ,6/25/2009,4.36,29 ,6/25/2009,4.88,26 ,6/26/2009,4.94,36 ,6/25/2009,5.22,36 ,6/26/2009,5.28,44 ,6/26/2009,5.28,53 ,6/28/2009,5.3,65 ,6/28/2009,5.3,79 ,6/30/2009,5.34,95 ,6/25/2009,6.01,71 ,6/26/2009,6.07,82 ,6/26/2009,6.07,94 ,6/25/2009,6.2,96 ,6/25/2009,6.27,107 ,6/26/2009,6.33,122 ,6/26/2009,6.33,145 ,7/2/2009,6.44,159 ,7/3/2009,6.44,190 ,7/1/2009,6.52,205 ,7/2/2009,6.63,210 ,7/2/2009,6.7,237 ,7/3/2009,6.7,278 ,7/4/2009,6.7,320 ,6/25/2009,6.730001,357 ,6/25/2009,7.47,188 ,6/26/2009,7.530001,206 ,6/27/2009,7.530001,248 ,6/25/2009,7.560001,289 ,6/26/2009,7.620001,321 ,6/26/2009,7.62,378 ,7/1/2009,7.79,377 ,7/2/2009,7.900001,399 ,7/2/2009,7.900001,449 ,7/2/2009,7.9,508 ,7/2/2009,7.990001,539 ,6/25/2009,8.21,486 ,6/25/2009,8.28,512 ,6/25/2009,9.03,306 ,6/26/2009,9.089999,331 ,6/26/2009,9.14,362 ,6/27/2009,9.139999,402 ,6/28/2009,9.160001,438 ,6/29/2009,9.16,487 ,7/1/2009,9.349999,472 ,7/2/2009,9.460001,479 ,7/2/2009,9.509999,500 ,7/3/2009,9.509999,543 ,7/2/2009,9.509999,589 ,7/5/2009,9.510001,638 ,4/30/2009,9.6,665 ,5/1/2009,9.719999,687 ,6/25/2009,10.05,631 ,6/26/2009,10.11,658 ,6/25/2009,10.43,551 ,6/26/2009,10.49,577 ,,
2009,6/6/2010,2.64,12 ,6/6/2010,2.96,22 ,6/6/2010,2.96,47 ,6/8/2010,2.98,77 ,7/24/2010,4.58,15 ,7/25/2010,4.99,18 ,7/25/2010,5.12,22 ,7/26/2010,5.12,28 ,7/24/2010,5.43,32 ,7/25/2010,5.84,29 ,7/25/2010,5.84,35 ,7/25/2010,5.96,39 ,7/28/2010,6.22,35 ,7/29/2010,6.23,39 ,7/28/2010,6.34,45 ,7/28/2010,6.37,53 ,7/28/2010,6.55,52 ,7/29/2010,6.56,58 ,7/29/2010,6.56,72 ,7/28/2010,6.62,84 ,7/28/2010,6.72,88 ,7/29/2010,6.73,105 ,8/11/2010,7.21,82 ,8/11/2010,7.34,77 ,8/11/2010,7.34,88 ,8/11/2010,7.34,102 ,8/11/2010,8.06,63 ,8/12/2010,8.06,76 ,8/11/2010,8.18,86 ,6/6/2010,8.210001,101 ,6/6/2010,8.790001,50 ,6/7/2010,8.790001,67 ,6/6/2010,8.820001,82 ,6/9/2010,9.06,72 ,6/6/2010,9.370001,50 ,6/6/2010,9.920001,31 ,6/6/2010,10.32,30 ,6/6/2010,10.32,36 ,6/8/2010,10.34,41 ,6/9/2010,10.59,44 ,6/10/2010,10.59,50 ,6/9/2010,10.61,57 ,6/6/2010,11.32,35 ,6/6/2010,11.38,40 ,6/7/2010,11.38,45 ,6/9/2010,11.59,46 ,6/9/2010,11.65,55 ,6/10/2010,11.65,66 ,7/24/2010,12.16,43 ,7/25/2010,12.57,32 ,7/25/2010,12.89,26 ,7/26/2010,12.89,30 ,7/28/2010,12.95,33 ,7/25/2010,13.32,23 ,7/25/2010,13.64,16 ,7/25/2010,13.72,18 ,7/25/2010,13.72,21 ,7/28/2010,14.02,21 ,7/28/2010,14.1,23 ,7/29/2010,14.11,25 ,,
2010,5/25/2011,2.79,9 ,7/29/2011,3.71,8 ,5/27/2011,3.91,14 ,5/26/2011,4.35,12 ,5/27/2011,4.58,16 ,5/27/2011,4.69,22 ,5/29/2011,4.95,25 ,5/29/2011,5.06,30 ,5/26/2011,5.13,37 ,5/27/2011,5.36,42 ,5/28/2011,5.38,49 ,5/26/2011,5.89,41 ,5/27/2011,6.12,40 ,5/27/2011,6.22,40 ,5/26/2011,6.5,35 ,5/27/2011,6.73,36 ,5/28/2011,6.75,41 ,5/29/2011,7.099999,38 ,5/30/2011,7.13,43 ,5/29/2011,7.15,51 ,5/30/2011,7.18,61 ,5/31/2011,7.18,73 ,5/30/2011,7.19,84 ,5/29/2011,7.23,91 ,5/30/2011,7.26,98 ,5/31/2011,7.26,112 ,5/30/2011,7.26,134 ,5/25/2011,7.34,149 ,5/26/2011,8.23,84 ,5/26/2011,8.670001,44 ,5/27/2011,8.900001,43 ,5/26/2011,9.100001,37 ,5/27/2011,9.33,30 ,5/26/2011,9.910001,20 ,5/27/2011,10.14,22 ,5/27/2011,10.29,25 ,5/29/2011,10.51,28 ,5/27/2011,10.71,24 ,5/26/2011,10.89,24 ,5/27/2011,11.12,22 ,5/29/2011,11.17,26 ,5/29/2011,11.49,28 ,5/29/2011,11.53,31 ,5/29/2011,11.74,29 ,5/30/2011,11.77,33 ,5/31/2011,11.77,37 ,5/30/2011,11.77,43 ,6/1/2011,11.77,51 ,5/29/2011,12,52 ,5/27/2011,12.12,52 ,5/26/2011,12.66,37 ,5/27/2011,12.89,29 ,5/28/2011,12.91,34 ,5/29/2011,13.26,25 ,5/30/2011,13.29,30 ,5/29/2011,13.35,29 ,5/29/2011,13.49,28 ,5/29/2011,13.54,33 ,5/30/2011,13.57,42 ,5/31/2011,13.57,50 ,,
2011,11/29/2011,2.08,29 ,11/30/2011,2.55,44 ,11/29/2011,2.78,68 ,11/30/2011,3.25,54 ,11/30/2011,3.25,84 ,12/2/2011,3.36,113 ,11/29/2011,3.44,139 ,11/29/2011,4.08,87 ,11/30/2011,4.55,66 ,12/1/2011,4.55,84 ,12/2/2011,4.66,99 ,12/2/2011,4.66,122 ,12/4/2011,4.93,127 ,12/5/2011,5.289999,102 ,12/6/2011,5.42,105 ,12/7/2011,5.44,127 ,12/8/2011,5.44,154 ,12/9/2011,5.55,171 ,12/10/2011,5.55,207 ,12/9/2011,5.56,248 ,12/10/2011,5.559999,296 ,12/5/2011,5.9,250 ,12/14/2011,6.03,279 ,12/15/2011,6.45,226 ,12/15/2011,6.45,266 ,12/17/2011,6.5,293 ,12/18/2011,6.51,341 ,12/6/2011,6.53,388 ,12/6/2011,6.6,415 ,12/21/2011,6.71,435 ,12/22/2011,6.73,495 ,12/15/2011,7.06,443 ,12/16/2011,7.06,502 ,12/17/2011,7.11,540 ,12/18/2011,7.120001,591 ,12/14/2011,7.14,648 ,12/15/2011,7.56,517 ,12/15/2011,7.63,552 ,12/15/2011,7.640001,615 ,12/17/2011,7.68,670 ,12/18/2011,7.690001,746 ,12/18/2011,7.7,821 ,11/30/2011,7.870001,807 ,12/21/2011,7.89,868 ,12/2/2011,7.98,910 ,12/2/2011,8.000001,972 ,12/4/2011,8.249999,889 ,12/5/2011,8.610001,728 ,12/6/2011,8.740001,728 ,12/7/2011,8.760001,770 ,12/7/2011,8.78,831 ,12/4/2011,8.880001,828 ,12/5/2011,9.240001,728 ,12/6/2011,9.370002,716 ,12/7/2011,9.39,778 ,12/7/2011,9.390001,846 ,12/9/2011,9.500001,847 ,12/15/2011,9.770001,771 ,12/15/2011,9.790002,822 ,12/17/2011,9.819999,883 ,,
2012,6/27/2013,1.83,48 ,8/13/2013,2.66,35 ,6/28/2013,3.06,44 ,6/28/2013,3.3,50 ,6/29/2013,3.31,78 ,6/30/2013,3.33,117 ,7/1/2013,3.48,132 ,7/2/2013,3.6,148 ,4/18/2013,4.11,105 ,4/19/2013,4.71,77 ,4/19/2013,4.74,93 ,4/19/2013,4.93,102 ,4/20/2013,4.96,123 ,4/21/2013,4.96,150 ,4/24/2013,5.57,92 ,4/25/2013,5.68,104 ,4/24/2013,5.79,114 ,4/25/2013,5.9,120 ,6/28/2013,6.51,76 ,6/29/2013,6.52,94 ,6/30/2013,6.54,115 ,7/1/2013,6.690001,118 ,7/2/2013,6.81,112 ,7/3/2013,6.81,135 ,7/4/2013,6.81,159 ,7/5/2013,6.84,183 ,7/6/2013,6.909999,213 ,7/7/2013,6.97,250 ,6/28/2013,7.21,232 ,7/9/2013,8.1,114 ,7/10/2013,8.15,130 ,7/11/2013,8.150001,149 ,6/28/2013,8.2,168 ,6/29/2013,8.21,188 ,6/30/2013,8.23,208 ,7/1/2013,8.38,212 ,7/2/2013,8.5,227 ,6/28/2013,8.51,260 ,6/29/2013,8.52,289 ,7/9/2013,8.8,256 ,7/9/2013,8.92,255 ,7/10/2013,8.97,282 ,7/9/2013,9.55,203 ,7/9/2013,9.79,177 ,7/10/2013,9.84,198 ,7/10/2013,9.84,230 ,7/11/2013,9.840001,263 ,7/9/2013,10.03,244 ,7/9/2013,10.1,268 ,7/10/2013,10.15,284 ,7/10/2013,10.16,316 ,7/11/2013,10.16,361 ,7/10/2013,10.16,398 ,7/12/2013,10.16,433 ,7/20/2013,10.2,463 ,7/21/2013,10.2,506 ,7/23/2013,10.3,531 ,7/23/2013,10.54,459 ,7/24/2013,10.54,505 ,7/25/2013,10.54,557 ,,
2013,5/12/2014,1.6,89 ,5/13/2014,2.01,113 ,5/14/2014,2.17,174 ,5/15/2014,2.85,101 ,5/16/2014,2.85,153 ,5/15/2014,2.89,198 ,5/13/2014,3.17,205 ,5/14/2014,3.33,232 ,5/15/2014,4.01,118 ,5/16/2014,4.01,156 ,5/15/2014,4.16,170 ,5/15/2014,4.17,214 ,5/15/2014,4.22,255 ,5/15/2014,4.29,295 ,5/13/2014,4.350001,332 ,5/15/2014,4.520001,348 ,5/15/2014,5.190001,212 ,5/15/2014,5.199999,254 ,5/16/2014,5.200001,307 ,5/17/2014,5.21,357 ,5/15/2014,5.5,317 ,5/16/2014,5.5,373 ,5/17/2014,5.510001,433 ,5/15/2014,5.559999,488 ,5/16/2014,5.560001,557 ,5/20/2014,5.640001,597 ,5/21/2014,5.799999,624 ,7/8/2014,6.12,565 ,7/9/2014,6.12,645 ,7/10/2014,6.12,727 ,7/8/2014,6.28,694 ,7/8/2014,6.28,776 ,7/13/2014,6.35,822 ,7/14/2014,6.72,716 ,7/15/2014,6.85,719 ,7/8/2014,7.35,547 ,7/8/2014,7.38,586 ,6/18/2014,7.380001,651 ,6/19/2014,7.720001,574 ,6/20/2014,7.82,603 ,6/21/2014,7.95,618 ,6/22/2014,7.97,676 ,6/18/2014,8.54,463 ,6/19/2014,8.88,378 ,6/20/2014,8.979999,404 ,6/21/2014,9.109999,406 ,6/20/2014,9.13,447 ,6/21/2014,9.26,454 ,6/24/2014,9.57,417 ,6/25/2014,9.609998,446 ,6/18/2014,9.719998,467 ,6/19/2014,10.06,405 ,6/20/2014,10.16,397 ,6/21/2014,10.29,404 ,6/22/2014,10.31,429 ,7/1/2014,10.53,382 ,6/24/2014,10.75,357 ,7/8/2014,11,334 ,7/8/2014,11,364 ,7/8/2014,11.04,388 ,,
2014,6/14/2015,2,36 ,6/15/2015,2.92,25 ,6/15/2015,3.1,40 ,6/16/2015,3.27,53 ,6/17/2015,3.29,81 ,6/18/2015,3.43,97 ,6/19/2015,3.49,131 ,6/20/2015,3.53,174 ,6/16/2015,3.63,193 ,6/23/2015,4.86,68 ,6/23/2015,5.04,76 ,6/23/2015,5.06,87 ,6/23/2015,5.070001,103 ,6/27/2015,6.09,53 ,6/27/2015,6.27,50 ,6/28/2015,6.35,54 ,6/28/2015,6.37,64 ,6/16/2015,6.47,63 ,7/1/2015,6.490001,77 ,6/27/2015,6.63,81 ,6/27/2015,6.71,89 ,6/28/2015,6.79,93 ,6/27/2015,6.95,97 ,6/23/2015,7.59,62 ,6/23/2015,8.240002,44 ,6/23/2015,8.24,49 ,6/25/2015,8.25,57 ,6/27/2015,8.820001,24 ,6/27/2015,9.47,12 ,6/28/2015,9.55,9 ,6/28/2015,9.55,13 ,6/27/2015,9.68,17 ,6/28/2015,9.76,17 ,6/28/2015,9.830001,21 ,6/28/2015,9.89,26 ,7/1/2015,9.900001,32 ,7/1/2015,9.97,35 ,7/1/2015,10.03,41 ,7/1/2015,10.03,50 ,7/2/2015,10.03,58 ,7/9/2015,10.53,54 ,7/10/2015,10.53,64 ,7/9/2015,10.53,75 ,7/9/2015,10.74,72 ,7/9/2015,10.81,82 ,7/9/2015,10.87,86 ,7/15/2015,10.93,93 ,7/15/2015,10.93,107 ,7/17/2015,11.35,90 ,7/18/2015,11.37,104 ,7/19/2015,11.44,114 ,7/17/2015,11.56,128 ,6/27/2015,11.73,124 ,6/27/2015,11.96,113 ,6/28/2015,12.04,120 ,6/28/2015,12.09,134 ,6/29/2015,12.09,148 ,7/1/2015,12.18,158 ,6/27/2015,12.45,142 ,6/28/2015,12.53,150 ,,
2015,8/16/2016,2.51,15 ,8/17/2016,2.6,41 ,8/16/2016,3.4,30 ,8/16/2016,3.63,32 ,8/17/2016,3.72,44 ,8/17/2016,3.72,65 ,8/19/2016,3.75,91 ,8/19/2016,3.75,121 ,8/21/2016,3.92,139 ,8/22/2016,3.97,177 ,8/22/2016,3.97,233 ,8/22/2016,3.99,283 ,8/25/2016,4.2,267 ,8/27/2016,4.4,258 ,8/27/2016,4.630001,248 ,8/28/2016,4.64,301 ,8/27/2016,4.65,367 ,8/28/2016,4.66,434 ,8/31/2016,4.670001,508 ,8/31/2016,4.67,604 ,8/31/2016,4.69,704 ,8/31/2016,4.69,822 ,9/1/2016,4.69,964 ,8/31/2016,4.69,1122 ,8/31/2016,4.69,1307 ,9/8/2016,4.860001,1244 ,9/8/2016,5.090001,1144 ,9/10/2016,5.69,770 ,9/10/2016,5.920001,750 ,9/11/2016,5.920001,857 ,9/10/2016,5.940001,946 ,9/11/2016,5.94,1067 ,9/14/2016,5.95,1175 ,9/14/2016,5.950001,1309 ,9/14/2016,5.970001,1431 ,9/17/2016,6.150001,1382 ,9/17/2016,6.150001,1529 ,9/17/2016,6.17,1682 ,9/18/2016,6.170001,1841 ,9/18/2016,6.170001,2006 ,8/27/2016,6.200001,2162 ,8/28/2016,6.210001,2326 ,9/10/2016,6.49,2019 ,9/10/2016,6.55,2088 ,9/29/2016,7.54,1213 ,9/30/2016,7.760001,1172 ,9/29/2016,8.430001,760 ,9/29/2016,8.66,698 ,9/30/2016,8.879999,646 ,9/30/2016,8.88,696 ,9/30/2016,8.900001,755 ,9/30/2016,8.900001,820 ,9/30/2016,8.900001,903 ,9/30/2016,8.900001,986 ,9/30/2016,8.9,1080 ,9/30/2016,8.9,1182 ,9/30/2016,8.900001,1282 ,9/30/2016,8.900001,1397 ,9/30/2016,8.900001,1510 ,9/30/2016,8.900001,1609 ,,
2016,3/1/2017,1.62,82 ,7/8/2017,1.77,199 ,3/2/2017,1.78,374 ,7/10/2017,2.47,179 ,7/10/2017,2.47,267 ,7/12/2017,2.82,231 ,7/13/2017,3.16,210 ,7/13/2017,3.16,278 ,4/7/2017,3.33,306 ,4/8/2017,3.33,385 ,4/7/2017,3.33,476 ,4/6/2017,3.54,482 ,4/11/2017,3.97,366 ,4/6/2017,4.04,410 ,4/7/2017,4.21,405 ,4/8/2017,4.21,500 ,4/11/2017,4.35,502 ,4/11/2017,4.39,566 ,4/11/2017,4.85,440 ,4/11/2017,4.85,511 ,4/13/2017,4.86,599 ,4/20/2017,5.31,446 ,4/21/2017,5.320001,520 ,4/21/2017,5.320001,601 ,4/20/2017,5.370001,659 ,4/20/2017,5.690001,579 ,4/20/2017,5.73,649 ,4/20/2017,6.19,536 ,4/21/2017,6.200001,582 ,4/22/2017,6.200001,658 ,4/20/2017,6.21,737 ,5/5/2017,6.570001,636 ,5/5/2017,6.58,707 ,4/20/2017,6.610001,774 ,4/20/2017,6.73,781 ,5/4/2017,7.23,600 ,5/5/2017,7.980001,381 ,5/6/2017,7.980001,433 ,5/6/2017,7.980001,489 ,5/5/2017,8.040001,508 ,5/5/2017,8.360001,428 ,5/5/2017,8.400001,467 ,5/5/2017,8.860001,338 ,5/6/2017,8.860002,381 ,5/7/2017,8.860002,429 ,5/5/2017,8.880001,477 ,5/5/2017,9.040002,471 ,5/5/2017,9.05,519 ,5/5/2017,9.280001,484 ,5/5/2017,9.400002,501 ,5/6/2017,9.400001,549 ,5/6/2017,9.400002,598 ,5/5/2017,9.420001,639 ,5/5/2017,9.740001,583 ,5/5/2017,9.740002,625 ,5/6/2017,9.740001,678 ,5/8/2017,9.740001,725 ,5/8/2017,9.740002,785 ,5/21/2017,10.03,744 ,5/21/2017,10.03,805 ,,
2017,11/18/2017,1.7,65 ,8/1/2018,2.14,95 ,2/21/2018,2.38,128 ,5/15/2018,2.86,100 ,5/15/2018,3.09,112 ,5/15/2018,3.4,103 ,5/16/2018,3.4,149 ,5/19/2018,3.95,100 ,5/19/2018,4.18,102 ,5/19/2018,4.49,90 ,5/20/2018,4.52,111 ,5/21/2018,4.74,112 ,5/22/2018,4.99,117 ,5/22/2018,4.99,143 ,5/24/2018,4.99,175 ,5/24/2018,4.99,213 ,5/19/2018,6.06,96 ,5/20/2018,6.09,108 ,5/21/2018,6.31,103 ,5/22/2018,6.56,89 ,5/23/2018,6.56,111 ,5/22/2018,6.56,134 ,5/24/2018,6.56,160 ,5/24/2018,6.56,190 ,5/22/2018,6.73,188 ,5/22/2018,6.74,217 ,5/23/2018,6.74,257 ,5/22/2018,6.85,268 ,5/22/2018,6.960001,296 ,6/1/2018,7.2,282 ,6/2/2018,7.22,318 ,6/3/2018,7.920001,188 ,6/4/2018,7.920001,218 ,6/5/2018,8.030001,231 ,6/5/2018,8.03,269 ,5/19/2018,8.719999,157 ,5/20/2018,8.75,175 ,5/21/2018,8.97,171 ,5/22/2018,9.219999,151 ,5/23/2018,9.22,176 ,5/22/2018,9.299999,191 ,5/22/2018,9.320001,211 ,5/22/2018,9.340001,242 ,5/22/2018,9.380001,264 ,11/19/2017,9.400001,301 ,5/19/2018,9.65,286 ,5/19/2018,9.85,258 ,5/21/2018,9.9,285 ,5/22/2018,10.15,245 ,5/22/2018,10.35,229 ,6/3/2018,10.58,224 ,6/4/2018,10.58,247 ,6/5/2018,10.69,254 ,5/19/2018,10.85,247 ,5/20/2018,10.88,265 ,5/21/2018,11.1,259 ,5/22/2018,11.35,229 ,5/22/2018,11.35,251 ,5/23/2018,11.35,274 ,5/23/2018,11.35,302 ,,
