Duration,RF_of_PD,PeakDurationRainfall,WaterYear
1,0,2.01,1957
2,1.34375,2.48,1957
3,0,2.48,1957
4,0,2.52,1957
5,0,2.52,1957
6,0,2.52,1957
7,0,2.55,1957
8,0,3.07,1957
9,0,3.56,1957
10,0,3.56,1957
11,0,3.56,1957
12,0,3.56,1957
13,0,3.56,1957
14,0,3.56,1957
15,0,3.62,1957
16,0,3.64,1957
17,0,3.64,1957
18,0,3.64,1957
19,0,3.64,1957
20,0,3.8,1957
21,0,4.08,1957
22,0,4.19,1957
23,0,4.2,1957
24,0,4.2,1957
25,0,4.36,1957
26,0,4.36,1957
27,0,4.42,1957
28,0,4.7,1957
29,0,5,1957
30,0,5.8,1957
31,0,5.83,1957
32,0,5.83,1957
33,0,5.83,1957
34,0,5.94,1957
35,0,6.02,1957
36,0,6.34,1957
37,0,6.340001,1957
38,0,6.340001,1957
39,0,6.37,1957
40,0,6.37,1957
41,0,6.37,1957
42,0,6.37,1957
43,0,6.41,1957
44,0,6.880001,1957
45,0,6.99,1957
46,0,6.99,1957
47,0,6.99,1957
48,0,7.02,1957
49,0,7.11,1957
50,0,7.300001,1957
51,0,7.5,1957
52,0,7.5,1957
53,0,7.5,1957
54,0,7.53,1957
55,0,7.53,1957
56,0,7.61,1957
57,0,7.61,1957
58,0,7.840001,1957
59,0,7.950001,1957
60,0,8.42,1957
1,0,1.85,1958
2,0,1.89,1958
3,0,2.33,1958
4,0,2.33,1958
5,0,2.43,1958
6,0,2.55,1958
7,0,2.91,1958
8,0,2.91,1958
9,0,2.91,1958
10,1.906976744,4.16,1958
11,1.671981777,4.2,1958
12,2.608,4.64,1958
13,2.031372549,4.64,1958
14,1.729613734,4.65,1958
15,1.431578947,4.65,1958
16,1.144628099,4.65,1958
17,0,4.65,1958
18,0,4.83,1958
19,2.750877193,5.71,1958
20,2.413793103,5.76,1958
21,3.435520362,6.19,1958
22,3.155902004,6.24,1958
23,2.720394737,6.24,1958
24,2.298056156,6.24,1958
25,1.938596491,6.24,1958
26,1.720689655,6.24,1958
27,1.510169492,6.24,1958
28,1.423333333,6.31,1958
29,1.306557377,6.36,1958
30,1.790322581,6.78,1958
31,1.629630159,6.79,1958
32,2.240849711,7.22,1958
33,1.953846154,7.22,1958
34,1.782828788,7.22,1958
35,1.616915846,7.22,1958
36,1.573529412,7.3,1958
37,1.41545942,7.3,1958
38,1.261904286,7.3,1958
39,1.169014085,7.34,1958
40,1.023148611,7.34,1958
41,0,7.4,1958
42,0,7.4,1958
43,0,7.510001,1958
44,1.135964653,7.84,1958
45,1,7.84,1958
46,0,7.84,1958
47,0,7.84,1958
48,0,7.84,1958
49,0,7.840001,1958
50,0,7.84,1958
51,0,7.96,1958
52,0,7.96,1958
53,0,7.960001,1958
54,0,8.04,1958
55,0,8.040001,1958
56,0,8.05,1958
57,0,8.05,1958
58,0,8.200001,1958
59,0,8.2,1958
60,0,8.200001,1958
1,2.191489362,2.38,1959
2,2.210526316,2.73,1959
3,3.016949153,3.13,1959
4,1.971428571,3.13,1959
5,5.029937108,3.95,1959
6,5.494181382,4.21,1959
7,4.318181818,4.21,1959
8,3.514704412,4.21,1959
9,2.757143204,4.21,1959
10,4.5,4.8,1959
11,4.92244898,5.06,1959
12,4.488,5.11,1959
13,4.266666667,5.21,1959
14,3.669230769,5.21,1959
15,3.094339623,5.21,1959
16,2.540740741,5.21,1959
17,2.916367273,5.460001,1959
18,3.457142857,5.76,1959
19,11.46056475,7.17,1959
20,12.74038462,7.43,1959
21,19.97143807,8.09,1959
22,21.40566038,8.35,1959
23,19.1682243,8.35,1959
24,16.97222868,8.35,1959
25,14.81652752,8.350001,1959
26,12.7,8.35,1959
27,10.62163514,8.350001,1959
28,9.35207824,8.35,1959
29,12.01769912,8.76,1959
30,10,8.76,1959
31,9.198736605,8.759999,1959
32,9.930009856,9.02,1959
33,9.145496536,9.02,1959
34,8.376523153,9.02,1959
35,9.377359665,9.330001,1959
36,10.1744186,9.59,1959
37,9.766844757,9.670001,1959
38,9.021257292,9.67,1959
39,8.289765795,9.670001,1959
40,7.571946095,9.670001,1959
41,6.867434521,9.670001,1959
42,6.175847458,9.67,1959
43,7.228829411,10,1959
44,7.222609416,10.13,1959
45,7.680412371,10.35,1959
46,7.124486343,10.36,1959
47,6.53563648,10.36,1959
48,6.309055118,10.43,1959
49,5.895291562,10.46,1959
50,5.732472818,10.54,1959
51,6.139359699,10.74,1959
52,5.977732192,10.82,1959
53,5.500292863,10.83,1959
54,4.995481928,10.83,1959
55,5.296748981,11.01,1959
56,5.111227232,11.08,1959
57,4.81085044,11.08,1959
58,5.396249166,11.37,1959
59,5.849737477,11.59,1959
60,5.708333333,11.67,1959
1,0,1.82,1960
2,0,2.16,1960
3,0,2.16,1960
4,0,2.45,1960
5,0,2.66,1960
6,0,2.66,1960
7,0,2.95,1960
8,0,2.95,1960
9,0,2.95,1960
10,2.291666667,4.27,1960
11,3.085714286,4.61,1960
12,2.488,4.61,1960
13,3.050980392,4.9,1960
14,2.476923077,4.9,1960
15,1.957894737,4.9,1960
16,1.97107438,5.05,1960
17,1.69979716,5.06,1960
18,1.418326693,5.06,1960
19,1.362035225,5.17,1960
20,1.115384615,5.18,1960
21,1.345283019,5.42,1960
22,1.140740741,5.43,1960
23,0,5.43,1960
24,2.103671706,6.18,1960
25,1.833333333,6.18,1960
26,1.617241379,6.18,1960
27,1.662711864,6.33,1960
28,1.473333333,6.34,1960
29,1.273772131,6.340001,1960
30,1.112904839,6.360001,1960
31,0,6.36,1960
32,0,6.36,1960
33,0,6.51,1960
34,0,6.52,1960
35,0,6.52,1960
36,0,6.52,1960
37,0,6.64,1960
38,0,6.960001,1960
39,0,6.970001,1960
40,0,6.97,1960
41,0,7.05,1960
42,0,7.05,1960
43,0,7.050001,1960
44,0,7.18,1960
45,0,7.28,1960
46,0,7.279999,1960
47,1.710059772,8.58,1960
48,1.588972431,8.58,1960
49,1.606937905,8.690001,1960
50,1.53877529,8.73,1960
51,1.435837772,8.740002,1960
52,1.442938325,8.840001,1960
53,1.343331344,8.85,1960
54,1.234192037,8.85,1960
55,1.474904817,9.150001,1960
56,1.366693137,9.150001,1960
57,1.634920635,9.48,1960
58,1.538520309,9.490001,1960
59,1.488525777,9.54,1960
60,1.483515385,9.629999,1960
1,0,1.58,1961
2,0,1.58,1961
3,0,2.4,1961
4,0,2.41,1961
5,0,2.41,1961
6,0,2.41,1961
7,0,2.41,1961
8,0,2.41,1961
9,0,2.56,1961
10,0,2.73,1961
11,0,2.88,1961
12,0,3.01,1961
13,0,3.12,1961
14,0,3.46,1961
15,0,3.58,1961
16,0,3.82,1961
17,0,3.82,1961
18,0,3.82,1961
19,0,3.82,1961
20,0,3.85,1961
21,0,4.09,1961
22,0,4.84,1961
23,0,4.95,1961
24,0,5.29,1961
25,0,5.289999,1961
26,0,5.29,1961
27,0,5.29,1961
28,0,5.33,1961
29,0,5.58,1961
30,0,5.68,1961
31,0,5.73,1961
32,0,5.839999,1961
33,0,6.18,1961
34,0,6.18,1961
35,0,6.22,1961
36,0,6.299999,1961
37,0,6.3,1961
38,0,6.47,1961
39,0,6.57,1961
40,0,6.789999,1961
41,0,7.029999,1961
42,0,7.319999,1961
43,0,7.48,1961
44,1.043859268,7.77,1961
45,0,7.77,1961
46,0,7.8,1961
47,0,7.799999,1961
48,0,7.809999,1961
49,0,8.059999,1961
50,0,8.16,1961
51,0,8.159999,1961
52,0,8.19,1961
53,0,8.19,1961
54,0,8.19,1961
55,0,8.219999,1961
56,0,8.619999,1961
57,0,8.73,1961
58,1.06731588,9.07,1961
59,0,9.07,1961
60,0,9.07,1961
1,0,1.26,1962
2,0,1.26,1962
3,0,1.35,1962
4,0,1.35,1962
5,0,1.68,1962
6,0,1.88,1962
7,0,1.88,1962
8,0,1.88,1962
9,0,1.88,1962
10,0,2.05,1962
11,0,2.05,1962
12,0,2.46,1962
13,0,2.66,1962
14,0,2.66,1962
15,0,2.66,1962
16,0,2.78,1962
17,0,2.98,1962
18,0,3.09,1962
19,0,3.09,1962
20,0,3.15,1962
21,0,3.41,1962
22,0,3.93,1962
23,0,4.13,1962
24,0,4.13,1962
25,0,4.25,1962
26,0,4.45,1962
27,0,4.45,1962
28,0,4.45,1962
29,0,4.45,1962
30,0,4.829999,1962
31,0,5.03,1962
32,0,5.03,1962
33,0,5.03,1962
34,0,5.03,1962
35,0,5.03,1962
36,0,5.03,1962
37,0,5.03,1962
38,0,5.03,1962
39,0,5.03,1962
40,0,5.07,1962
41,0,5.27,1962
42,0,5.27,1962
43,0,5.27,1962
44,0,5.27,1962
45,0,5.27,1962
46,0,5.27,1962
47,0,5.27,1962
48,0,5.58,1962
49,0,5.58,1962
50,0,6.03,1962
51,0,6.23,1962
52,0,6.42,1962
53,0,6.619999,1962
54,0,6.62,1962
55,0,6.62,1962
56,0,6.619999,1962
57,0,6.66,1962
58,0,6.659999,1962
59,0,6.66,1962
60,0,6.66,1962
1,0,1.39,1963
2,1.1875,2.43,1963
3,0,2.43,1963
4,0,2.43,1963
5,0,2.69,1963
6,0,2.69,1963
7,0,2.74,1963
8,0,2.74,1963
9,0,3.15,1963
10,0,3.19,1963
11,0,3.19,1963
12,0,3.41,1963
13,0,3.45,1963
14,0,3.46,1963
15,0,3.5,1963
16,0,3.51,1963
17,0,3.58,1963
18,0,3.67,1963
19,0,3.67,1963
20,0,3.94,1963
21,0,3.94,1963
22,0,3.94,1963
23,0,4.17,1963
24,0,4.26,1963
25,0,4.26,1963
26,0,4.53,1963
27,0,4.63,1963
28,0,4.849999,1963
29,0,5.23,1963
30,0,5.23,1963
31,0,5.23,1963
32,0,5.23,1963
33,0,5.23,1963
34,0,5.46,1963
35,0,5.57,1963
36,0,5.95,1963
37,0,6.58,1963
38,0,6.580001,1963
39,0,6.58,1963
40,0,6.580001,1963
41,0,6.58,1963
42,0,7.130001,1963
43,0,7.220001,1963
44,0,7.299999,1963
45,0,7.490001,1963
46,0,7.490001,1963
47,0,7.490001,1963
48,0,7.490001,1963
49,0,7.85,1963
50,0,7.940001,1963
51,0,7.98,1963
52,0,8.210001,1963
53,0,8.250001,1963
54,0,8.25,1963
55,0,8.25,1963
56,0,8.25,1963
57,0,8.360001,1963
58,0,8.360001,1963
59,0,8.36,1963
60,0,8.360001,1963
1,0,1.43,1964
2,0,1.64,1964
3,0,1.9,1964
4,0,1.97,1964
5,0,1.97,1964
6,0,2.28,1964
7,0,2.55,1964
8,0,2.8,1964
9,0,3.07,1964
10,0,3.07,1964
11,0,3.07,1964
12,0,3.07,1964
13,0,3.07,1964
14,0,3.07,1964
15,0,3.6,1964
16,0,3.7,1964
17,0,4.12,1964
18,0,4.12,1964
19,0,4.12,1964
20,0,4.12,1964
21,0,4.119999,1964
22,0,4.12,1964
23,0,4.119999,1964
24,0,4.26,1964
25,0,4.54,1964
26,0,4.54,1964
27,0,4.54,1964
28,0,4.539999,1964
29,0,4.54,1964
30,0,5.09,1964
31,0,5.09,1964
32,0,5.09,1964
33,0,5.09,1964
34,0,5.09,1964
35,0,5.09,1964
36,0,5.09,1964
37,0,5.41,1964
38,0,5.48,1964
39,0,5.48,1964
40,0,5.49,1964
41,0,5.49,1964
42,0,5.49,1964
43,0,5.49,1964
44,0,5.54,1964
45,0,5.65,1964
46,0,5.65,1964
47,0,5.81,1964
48,0,5.88,1964
49,0,5.88,1964
50,0,5.88,1964
51,0,5.88,1964
52,0,5.88,1964
53,0,5.950001,1964
54,0,6.000001,1964
55,0,6.050001,1964
56,0,6.05,1964
57,0,6.06,1964
58,0,6.13,1964
59,0,6.13,1964
60,0,6.130001,1964
1,0,1.68,1965
2,0,1.72,1965
3,0,1.99,1965
4,0,2.09,1965
5,0,2.09,1965
6,0,2.16,1965
7,0,2.32,1965
8,0,2.38,1965
9,0,2.38,1965
10,0,2.38,1965
11,0,2.38,1965
12,0,2.86,1965
13,0,3.02,1965
14,0,3.08,1965
15,0,3.08,1965
16,0,3.08,1965
17,0,3.08,1965
18,0,3.08,1965
19,0,3.41,1965
20,0,3.41,1965
21,0,3.57,1965
22,0,3.57,1965
23,0,3.66,1965
24,0,4.3,1965
25,0,4.46,1965
26,0,4.52,1965
27,0,4.52,1965
28,0,4.52,1965
29,0,4.52,1965
30,0,4.52,1965
31,0,4.52,1965
32,0,4.52,1965
33,0,4.77,1965
34,0,4.77,1965
35,0,4.77,1965
36,0,4.77,1965
37,0,4.77,1965
38,0,4.800001,1965
39,0,5.05,1965
40,0,5.05,1965
41,0,5.05,1965
42,0,5.050001,1965
43,0,5.050001,1965
44,0,5.05,1965
45,0,5.14,1965
46,0,5.2,1965
47,0,5.2,1965
48,0,5.2,1965
49,0,5.2,1965
50,0,5.44,1965
51,0,5.6,1965
52,0,5.84,1965
53,0,5.84,1965
54,0,5.84,1965
55,0,6.029999,1965
56,0,6.09,1965
57,0,6.11,1965
58,0,6.11,1965
59,0,6.139999,1965
60,0,6.460001,1965
1,0,1.78,1966
2,0,2.33,1966
3,0,2.43,1966
4,0,2.7,1966
5,1.76146741,3.24,1966
6,1.991151312,3.51,1966
7,1.58974359,3.54,1966
8,1.190083157,3.54,1966
9,0,3.54,1966
10,0,3.55,1966
11,0,3.55,1966
12,0,3.87,1966
13,0,3.94,1966
14,0,4.3,1966
15,0,4.33,1966
16,0,4.47,1966
17,0,4.5,1966
18,0,4.5,1966
19,0,4.5,1966
20,0,4.5,1966
21,0,4.64,1966
22,0,5.14,1966
23,1.670909091,5.84,1966
24,1.985716071,6.140001,1966
25,1.868421053,6.2,1966
26,1.651724138,6.2,1966
27,1.628813559,6.31,1966
28,1.523333333,6.37,1966
29,1.32295082,6.37,1966
30,1.129032258,6.37,1966
31,0,6.37,1966
32,0,6.370001,1966
33,0,6.37,1966
34,1.237374242,6.86,1966
35,1.079601611,6.86,1966
36,0,6.86,1966
37,0,6.86,1966
38,0,6.86,1966
39,0,6.99,1966
40,0,7.04,1966
41,0,7.09,1966
42,1.635135135,8,1966
43,2.796982553,8.700001,1966
44,2.655059701,8.76,1966
45,2.368852459,8.76,1966
46,2.123377435,8.76,1966
47,1.938294538,8.760001,1966
48,1.814535088,8.759999,1966
49,1.693643144,8.760001,1966
50,1.575509969,8.76,1966
51,1.460049637,8.760001,1966
52,1.359138212,8.77,1966
53,1.319653402,8.83,1966
54,1.210774005,8.830001,1966
55,1.822395298,9.450001,1966
56,1.905269708,9.619999,1966
57,1.861676871,9.679999,1966
58,1.751682588,9.68,1966
59,1.643965444,9.68,1966
60,1.538461538,9.68,1966
1,10.67164179,3.29,1967
2,64.0625,5.3,1967
3,76.86567164,5.8,1967
4,75.73529412,6.06,1967
5,309.0908825,7.77,1967
6,299.6809264,8.030001,1967
7,236.7924528,8.1,1967
8,184.0517604,8.1,1967
9,155.9322508,8.13,1967
10,125.000125,8.130001,1967
11,112.3915891,8.23,1967
12,93.55670103,8.23,1967
13,82.78061224,8.26,1967
14,91.79292929,8.6,1967
15,83.75,8.67,1967
16,75.86636865,8.740001,1967
17,63.84803922,8.74,1967
18,61.77183037,8.9,1967
19,75.36057692,9.32,1967
20,67.85714286,9.39,1967
21,57.62411348,9.39,1967
22,48.73185386,9.389999,1967
23,43.6379407,9.389999,1967
24,42.49409871,9.52,1967
25,76.72413793,10.41,1967
26,70.77625571,10.48,1967
27,60.94104308,10.48,1967
28,51.23873874,10.48,1967
29,47.50280584,10.54,1967
30,44.72222222,10.61,1967
31,55.92611111,11.06,1967
32,87.40722222,11.78,1967
33,133.3333333,12.46,1967
34,124.0744444,12.53,1967
35,107.0366667,12.53,1967
36,95,12.53,1967
37,88.70388889,12.57,1967
38,85.185,12.66,1967
39,76.66666667,12.66,1967
40,68.14833333,12.66,1967
41,75.74055556,12.95,1967
42,71.11111111,13.02,1967
43,62.59277778,13.02,1967
44,54.07388889,13.02,1967
45,48,13.02,1967
46,55,13.33,1967
47,48.76644331,13.33,1967
48,45.34313725,13.33,1967
49,80.55555556,14.21,1967
50,76.66666667,14.28,1967
51,68.88888889,14.28,1967
52,68.88888889,14.42,1967
53,61.11111111,14.42,1967
54,53.33333333,14.42,1967
55,51.11111111,14.52,1967
56,158.8888889,16.07,1967
57,187.7777778,16.47,1967
58,180,16.54,1967
59,164.4444444,16.54,1967
60,148.8888889,16.54,1967
1,0,1.31,1968
2,0,2.04,1968
3,1.294117647,2.69,1968
4,0,2.73,1968
5,0,2.73,1968
6,0,2.73,1968
7,0,2.76,1968
8,0,3.41,1968
9,1.223999558,3.71,1968
10,1.046511628,3.79,1968
11,1.671981777,4.2,1968
12,1.401785714,4.22,1968
13,1.098468271,4.22,1968
14,1.107296137,4.36,1968
15,0,4.36,1968
16,0,4.36,1968
17,0,4.4,1968
18,0,4.4,1968
19,0,4.4,1968
20,0,4.41,1968
21,0,5.08,1968
22,1.048148148,5.38,1968
23,0,5.46,1968
24,1.503571429,5.87,1968
25,1.324559649,5.889999,1968
26,1.117241379,5.89,1968
27,1.154237288,6.03,1968
28,0,6.03,1968
29,0,6.029999,1968
30,0,6.03,1968
31,0,6.08,1968
32,0,6.3,1968
33,0,6.309999,1968
34,0,6.309999,1968
35,0,6.41,1968
36,0,6.559999,1968
37,0,6.639999,1968
38,0,7.049999,1968
39,0,7.099999,1968
40,0,7.14,1968
41,0,7.21,1968
42,0,7.259999,1968
43,0,7.299999,1968
44,0,7.34,1968
45,1.16882987,7.969999,1968
46,1.064157427,7.98,1968
47,0,7.98,1968
48,0,8.089999,1968
49,0,8.13,1968
50,1.306123549,8.540001,1968
51,1.326877724,8.650001,1968
52,1.311253117,8.73,1968
53,1.686662689,9.140001,1968
54,1.597190867,9.160001,1968
55,1.532821055,9.200002,1968
56,1.538578862,9.3,1968
57,1.430837868,9.299999,1968
58,1.392671667,9.360001,1968
59,1.288674777,9.36,1968
60,1.186814286,9.360001,1968
1,0,1.38,1969
2,0,1.94,1969
3,0,2,1969
4,0,2,1969
5,0,2,1969
6,0,2.4,1969
7,0,2.4,1969
8,0,2.74,1969
9,0,2.75,1969
10,0,2.82,1969
11,0,2.97,1969
12,0,2.99,1969
13,0,3.48,1969
14,0,3.52,1969
15,0,3.52,1969
16,0,3.57,1969
17,0,3.69,1969
18,0,3.75,1969
19,0,3.75,1969
20,0,4.04,1969
21,0,4.039999,1969
22,0,4.2,1969
23,0,4.49,1969
24,0,4.49,1969
25,0,4.78,1969
26,0,4.78,1969
27,0,4.94,1969
28,0,4.94,1969
29,0,4.99,1969
30,0,5.03,1969
31,0,5.15,1969
32,0,5.18,1969
33,0,5.34,1969
34,0,5.38,1969
35,0,5.75,1969
36,0,5.75,1969
37,0,5.99,1969
38,0,6.99,1969
39,0,7,1969
40,0,7,1969
41,0,7.05,1969
42,0,7.15,1969
43,0,7.25,1969
44,0,7.25,1969
45,0,7.25,1969
46,0,7.25,1969
47,0,7.25,1969
48,0,8,1969
49,0,8,1969
50,1,8.29,1969
51,0,8.290001,1969
52,0,8.450001,1969
53,0,8.45,1969
54,0,8.45,1969
55,0,8.45,1969
56,0,8.45,1969
57,0,8.449999,1969
58,0,8.45,1969
59,1.36639461,9.43,1969
60,1.274726374,9.440001,1969
1,25.43859649,3.94,1970
2,15.87837838,4.05,1970
3,11.16883117,4.1,1970
4,8.333333333,4.1,1970
5,6.37724169,4.1,1970
6,4.749997266,4.1,1970
7,3.818181818,4.1,1970
8,9.194441667,5.05,1970
9,7.595627206,5.05,1970
10,6.048387097,5.05,1970
11,4.92244898,5.06,1970
12,4.368,5.08,1970
13,3.756862745,5.08,1970
14,3.169230769,5.08,1970
15,2.603773585,5.08,1970
16,2.059259259,5.08,1970
17,1.740365112,5.08,1970
18,1.458167331,5.08,1970
19,1.18590998,5.08,1970
20,0,5.08,1970
21,0,5.08,1970
22,0,5.11,1970
23,0,5.11,1970
24,0,5.26,1970
25,0,5.260001,1970
26,0,5.26,1970
27,0,5.26,1970
28,0,5.26,1970
29,0,5.26,1970
30,0,5.260001,1970
31,0,5.26,1970
32,0,5.26,1970
33,0,5.27,1970
34,0,5.270001,1970
35,0,5.27,1970
36,0,5.27,1970
37,0,5.27,1970
38,0,5.27,1970
39,0,5.280001,1970
40,0,5.280001,1970
41,0,5.280001,1970
42,0,5.280001,1970
43,0,5.28,1970
44,0,5.280001,1970
45,0,5.280001,1970
46,0,5.280001,1970
47,0,5.28,1970
48,0,5.690001,1970
49,0,5.89,1970
50,0,5.890001,1970
51,0,5.890001,1970
52,0,5.89,1970
53,0,5.89,1970
54,0,5.89,1970
55,0,5.89,1970
56,0,5.930001,1970
57,0,5.949999,1970
58,0,5.95,1970
59,0,5.949999,1970
60,0,5.95,1970
1,0,1.28,1971
2,0,1.82,1971
3,0,1.85,1971
4,0,1.91,1971
5,0,2.14,1971
6,0,2.46,1971
7,0,2.46,1971
8,0,2.93,1971
9,0,2.93,1971
10,0,3.02,1971
11,0,3.02,1971
12,0,3.02,1971
13,0,3.02,1971
14,0,3.02,1971
15,0,3.02,1971
16,0,3.21,1971
17,0,3.41,1971
18,0,3.41,1971
19,0,3.56,1971
20,0,3.56,1971
21,0,3.57,1971
22,0,3.68,1971
23,0,4.07,1971
24,0,4.61,1971
25,0,4.62,1971
26,0,4.7,1971
27,0,4.71,1971
28,0,4.71,1971
29,0,4.71,1971
30,0,4.78,1971
31,0,5.28,1971
32,0,5.28,1971
33,0,5.37,1971
34,0,5.37,1971
35,0,5.37,1971
36,0,5.37,1971
37,0,5.37,1971
38,0,5.37,1971
39,0,5.56,1971
40,0,5.56,1971
41,0,5.56,1971
42,0,5.909999,1971
43,0,5.91,1971
44,0,5.92,1971
45,0,5.930001,1971
46,0,6.12,1971
47,0,6.130001,1971
48,0,6.21,1971
49,0,6.22,1971
50,0,6.22,1971
51,0,6.23,1971
52,0,6.25,1971
53,0,6.25,1971
54,0,6.4,1971
55,0,6.6,1971
56,0,6.6,1971
57,0,6.98,1971
58,0,6.99,1971
59,0,6.990001,1971
60,0,6.99,1971
1,0,1.51,1972
2,0,2.02,1972
3,0,2.05,1972
4,0,2.42,1972
5,0,2.42,1972
6,0,2.42,1972
7,0,2.9,1972
8,0,3.15,1972
9,1.127999405,3.67,1972
10,0,3.67,1972
11,0,3.67,1972
12,1.245535714,4.15,1972
13,1.492341357,4.4,1972
14,1.193133047,4.4,1972
15,0,4.4,1972
16,0,4.54,1972
17,1.294117647,4.86,1972
18,1.019920319,4.86,1972
19,0,4.86,1972
20,0,4.86,1972
21,2.078054299,5.79,1972
22,2.721603563,6.11,1972
23,2.292763158,6.11,1972
24,1.932142857,6.11,1972
25,1.710526316,6.11,1972
26,1.496551724,6.11,1972
27,1.289830508,6.11,1972
28,1.106666667,6.12,1972
29,1.159016393,6.27,1972
30,1.370967742,6.52,1972
31,1.597884127,6.77,1972
32,2.616572254,7.35,1972
33,3.454375475,7.760001,1972
34,3.116325407,7.760001,1972
35,3.092597222,7.870001,1972
36,3.782452468,8.240001,1972
37,4.129965587,8.490001,1972
38,3.800359893,8.490001,1972
39,3.769366197,8.6,1972
40,3.45217352,8.6,1972
41,3.142611806,8.6,1972
42,2.84040747,8.6,1972
43,2.620805687,8.63,1972
44,4.421228856,9.47,1972
45,5.257731959,9.88,1972
46,6.312581381,10.2,1972
47,5.736164132,10.2,1972
48,5.718503937,10.31,1972
49,5.168082301,10.31,1972
50,4.820305109,10.31,1972
51,4.563467492,10.31,1972
52,4.380374341,10.34,1972
53,4.132213224,10.34,1972
54,3.888554217,10.34,1972
55,4.253737135,10.61,1972
56,4.923069697,11.02,1972
57,4.67888563,11.02,1972
58,4.678785403,11.13,1972
59,4.440914986,11.13,1972
60,4.207142857,11.13,1972
1,0,1.18,1973
2,0,1.42,1973
3,0,1.53,1973
4,0,1.66,1973
5,0,2.14,1973
6,0,2.58,1973
7,0,2.63,1973
8,0,2.77,1973
9,0,2.88,1973
10,0,3.03,1973
11,0,3.03,1973
12,0,3.08,1973
13,0,3.15,1973
14,0,3.36,1973
15,0,3.36,1973
16,0,3.66,1973
17,0,3.71,1973
18,0,3.71,1973
19,0,4.14,1973
20,0,4.19,1973
21,0,4.19,1973
22,0,4.19,1973
23,0,4.19,1973
24,0,4.19,1973
25,0,4.2,1973
26,0,4.41,1973
27,0,4.41,1973
28,0,4.41,1973
29,0,4.61,1973
30,0,4.95,1973
31,0,4.95,1973
32,0,4.95,1973
33,0,4.97,1973
34,0,5.1,1973
35,0,5.350001,1973
36,0,5.75,1973
37,0,5.95,1973
38,0,5.95,1973
39,0,6.05,1973
40,0,6.05,1973
41,0,6.15,1973
42,0,6.17,1973
43,0,6.75,1973
44,0,6.75,1973
45,0,6.85,1973
46,0,6.85,1973
47,0,6.92,1973
48,0,6.93,1973
49,0,6.990001,1973
50,0,6.99,1973
51,0,6.990001,1973
52,0,6.990001,1973
53,0,7.44,1973
54,0,7.44,1973
55,0,7.44,1973
56,0,7.44,1973
57,0,7.440001,1973
58,0,7.440001,1973
59,0,7.710001,1973
60,0,7.85,1973
1,20.52238806,3.73,1974
2,34.67741935,4.74,1974
3,36.9047619,5.11,1974
4,28.46153846,5.15,1974
5,23.81250477,5.24,1974
6,35.46797829,5.83,1974
7,27.89855072,5.87,1974
8,60.81081081,6.87,1974
9,48.94366197,6.91,1974
10,43.05552083,6.969999,1974
11,67.44791667,7.63,1974
12,57.47416237,7.669999,1974
13,47.45645917,7.669999,1974
14,62.12114899,8.129999,1974
15,49.99996732,8.129999,1974
16,54.82673865,8.400001,1974
17,52.20588235,8.55,1974
18,45.07575758,8.55,1974
19,39.13857678,8.55,1974
20,34.87651235,8.599999,1974
21,34.40172845,8.75,1974
22,29.40821256,8.75,1974
23,28.70369928,8.89,1974
24,24.47223562,8.89,1974
25,22.24770642,8.89,1974
26,20.06363636,8.89,1974
27,18.05406757,8.900001,1974
28,16.75000603,8.96,1974
29,16.26548673,9.08,1974
30,14.21052632,9.08,1974
31,15.00577924,9.28,1974
32,13.3323761,9.29,1974
33,12.07339164,9.330001,1974
34,11.34442829,9.410001,1974
35,11.5083728,9.56,1974
36,13.6627907,9.87,1974
37,12.93908222,9.950001,1974
38,11.24864424,9.950001,1974
39,9.814820261,9.950001,1974
40,9.730215633,10.07,1974
41,10.7635227,10.32,1974
42,9.618644068,10.32,1974
43,8.908326738,10.32,1974
44,8.210819549,10.32,1974
45,8.556701031,10.52,1974
46,7.936391306,10.52,1974
47,8.034647133,10.66,1974
48,7.440944882,10.66,1974
49,6.864903911,10.66,1974
50,6.305724877,10.66,1974
51,5.809792844,10.67,1974
52,5.420804946,10.7,1974
53,4.952880047,10.7,1974
54,5.216606498,10.88,1974
55,5.163218616,10.98,1974
56,5.023404704,11.06,1974
57,4.76686217,11.06,1974
58,4.526168681,11.06,1974
59,4.873191643,11.33,1974
60,4.85,11.43,1974
1,0,1.7,1975
2,1.15625,2.42,1975
3,0,2.42,1975
4,0,2.42,1975
5,0,2.75,1975
6,0,2.78,1975
7,0,2.78,1975
8,0,2.78,1975
9,0,2.84,1975
10,0,2.84,1975
11,0,3.15,1975
12,0,3.38,1975
13,0,3.92,1975
14,1,4.31,1975
15,1.010526316,4.45,1975
16,1.000002066,4.580001,1975
17,0,4.690001,1975
18,1.338645418,5.02,1975
19,1.655577299,5.32,1975
20,1.423076923,5.34,1975
21,1.194339623,5.34,1975
22,1.159259259,5.44,1975
23,0,5.440001,1975
24,0,5.440001,1975
25,0,5.44,1975
26,0,5.5,1975
27,0,5.64,1975
28,0,5.66,1975
29,0,5.66,1975
30,0,5.7,1975
31,0,5.73,1975
32,0,6.21,1975
33,0,6.210001,1975
34,0,6.210001,1975
35,0,6.210001,1975
36,0,6.210001,1975
37,0,6.27,1975
38,0,6.27,1975
39,0,6.28,1975
40,0,6.28,1975
41,0,6.41,1975
42,0,6.43,1975
43,0,6.43,1975
44,0,6.45,1975
45,0,6.47,1975
46,0,6.670001,1975
47,0,6.67,1975
48,0,6.670001,1975
49,0,6.67,1975
50,0,6.670001,1975
51,0,6.73,1975
52,0,7.09,1975
53,0,7.09,1975
54,0,7.220001,1975
55,0,7.22,1975
56,0,7.22,1975
57,0,7.22,1975
58,0,7.23,1975
59,0,7.290001,1975
60,0,7.290001,1975
1,0,1.87,1976
2,0,2.21,1976
3,0,2.21,1976
4,0,2.6,1976
5,0,2.67,1976
6,0,2.69,1976
7,0,2.85,1976
8,0,3.21,1976
9,0,3.21,1976
10,0,3.33,1976
11,0,3.53,1976
12,0,3.53,1976
13,0,3.54,1976
14,0,4.19,1976
15,0,4.19,1976
16,0,4.19,1976
17,0,4.51,1976
18,0,4.51,1976
19,0,4.52,1976
20,0,4.52,1976
21,0,4.89,1976
22,0,4.89,1976
23,0,4.89,1976
24,0,4.89,1976
25,0,4.91,1976
26,0,5.43,1976
27,0,5.87,1976
28,0,5.87,1976
29,0,5.87,1976
30,0,5.889999,1976
31,0,5.89,1976
32,0,5.93,1976
33,0,5.97,1976
34,0,6.01,1976
35,0,6.25,1976
36,0,6.25,1976
37,0,6.26,1976
38,0,6.47,1976
39,0,6.85,1976
40,0,6.92,1976
41,0,6.92,1976
42,0,6.93,1976
43,0,7.33,1976
44,0,7.39,1976
45,0,7.75,1976
46,0,7.75,1976
47,0,7.75,1976
48,0,7.75,1976
49,0,7.85,1976
50,0,7.900001,1976
51,1.423728814,8.73,1976
52,1.311253117,8.73,1976
53,1.201264876,8.730001,1976
54,1.093676815,8.73,1976
55,1.104248303,8.830001,1976
56,1.05729677,8.880001,1976
57,1.170068027,9.07,1976
58,1.06731588,9.07,1976
59,0,9.07,1976
60,0,9.07,1976
1,0,1.82,1977
2,0,1.85,1977
3,0,1.96,1977
4,0,2.07,1977
5,0,2.12,1977
6,0,2.88,1977
7,0,2.88,1977
8,0,2.88,1977
9,0,2.88,1977
10,0,2.88,1977
11,0,3.15,1977
12,0,3.5,1977
13,0,3.53,1977
14,0,3.53,1977
15,0,3.7,1977
16,0,3.7,1977
17,0,3.7,1977
18,0,3.73,1977
19,0,3.79,1977
20,0,4.15,1977
21,0,4.32,1977
22,0,4.35,1977
23,0,4.35,1977
24,0,4.35,1977
25,0,4.42,1977
26,0,4.77,1977
27,0,4.8,1977
28,0,4.92,1977
29,0,4.95,1977
30,0,4.95,1977
31,0,5.02,1977
32,0,5.05,1977
33,0,5.050001,1977
34,0,5.11,1977
35,0,5.14,1977
36,0,5.14,1977
37,0,5.14,1977
38,0,5.14,1977
39,0,5.15,1977
40,0,5.47,1977
41,0,5.77,1977
42,0,5.78,1977
43,0,5.78,1977
44,0,5.8,1977
45,0,6.530001,1977
46,0,6.830001,1977
47,0,6.840001,1977
48,0,6.840001,1977
49,0,6.860002,1977
50,0,7.250001,1977
51,0,7.250001,1977
52,0,7.450001,1977
53,0,7.57,1977
54,0,7.570001,1977
55,0,7.570001,1977
56,0,7.870001,1977
57,0,7.9,1977
58,0,7.920001,1977
59,0,8.190001,1977
60,0,8.220001,1977
1,0,1.76,1978
2,1.75,2.61,1978
3,2.050847458,2.94,1978
4,2.25,3.19,1978
5,1.678898754,3.21,1978
6,1.194689725,3.21,1978
7,1.307692308,3.43,1978
8,0,3.43,1978
9,0,3.43,1978
10,0,3.43,1978
11,0,3.61,1978
12,0,3.94,1978
13,0,3.94,1978
14,1.407725322,4.5,1978
15,1.810526316,4.83,1978
16,1.516528926,4.83,1978
17,1.23326572,4.83,1978
18,1.557768924,5.13,1978
19,1.283757339,5.13,1978
20,1.019230769,5.13,1978
21,0,5.13,1978
22,0,5.13,1978
23,0,5.13,1978
24,0,5.13,1978
25,0,5.15,1978
26,0,5.23,1978
27,0,5.23,1978
28,0,5.28,1978
29,0,5.370001,1978
30,0,5.41,1978
31,0,5.74,1978
32,0,5.78,1978
33,0,5.9,1978
34,0,5.94,1978
35,0,6.07,1978
36,0,6.52,1978
37,0,6.56,1978
38,0,6.56,1978
39,0,6.67,1978
40,0,6.72,1978
41,0,6.789999,1978
42,0,6.89,1978
43,0,6.889999,1978
44,0,6.889999,1978
45,0,6.9,1978
46,0,6.929999,1978
47,0,7.26,1978
48,0,7.26,1978
49,0,7.26,1978
50,0,7.27,1978
51,0,7.440001,1978
52,0,7.72,1978
53,0,7.719999,1978
54,0,8.050001,1978
55,0,8.1,1978
56,0,8.42,1978
57,0,8.75,1978
58,0,8.76,1978
59,0,8.76,1978
60,0,8.76,1978
1,0,1.7,1979
2,0,2.13,1979
3,0,2.13,1979
4,0,2.29,1979
5,0,2.65,1979
6,1.48672564,3.32,1979
7,2.227272727,3.75,1979
8,1.809916843,3.79,1979
9,1.415999866,3.79,1979
10,1.255813953,3.88,1979
11,1.034168565,3.92,1979
12,0,3.92,1979
13,0,3.96,1979
14,0,4.19,1979
15,0,4.29,1979
16,0,4.5,1979
17,0,4.62,1979
18,0,4.84,1979
19,1.166340509,5.07,1979
20,1.557692308,5.41,1979
21,1.326415094,5.41,1979
22,1.140740741,5.43,1979
23,1.561818182,5.78,1979
24,2.978401728,6.45,1979
25,4.409574468,7.03,1979
26,4.100628931,7.07,1979
27,3.676652893,7.07,1979
28,3.264765784,7.07,1979
29,2.864457831,7.07,1979
30,2.475247525,7.07,1979
31,2.634765982,7.24,1979
32,2.992294798,7.48,1979
33,2.655893536,7.48,1979
34,2.384615962,7.5,1979
35,3.731483333,8.1,1979
36,5.48206278,8.77,1979
37,6.60251414,9.1,1979
38,6.10703976,9.14,1979
39,5.403050109,9.14,1979
40,4.913041815,9.16,1979
41,4.585912015,9.16,1979
42,4.26655348,9.16,1979
43,4.332211131,9.309999,1979
44,4.968492537,9.69,1979
45,4.754098361,9.73,1979
46,4.485390422,9.73,1979
47,4.245975093,9.74,1979
48,5.669291339,10.3,1979
49,5.701369093,10.42,1979
50,5.589159804,10.51,1979
51,5.056497175,10.51,1979
52,7.323639705,11.11,1979
53,6.964609302,11.15,1979
54,6.435018051,11.15,1979
55,5.919890683,11.15,1979
56,5.418606081,11.15,1979
57,5.75389948,11.34,1979
58,8.132835617,12.01,1979
59,7.791222798,12.05,1979
60,7.333333333,12.06,1979
1,0,1.77,1980
2,2.578947368,2.8,1980
3,1.882352941,2.89,1980
4,1.285714286,2.89,1980
5,0,2.89,1980
6,8.023257031,4.5,1980
7,8.983050847,4.83,1980
8,8.861108333,5.01,1980
9,8.005455747,5.099999,1980
10,6.935483871,5.16,1980
11,5.641838352,5.16,1980
12,4.688,5.16,1980
13,4.305882353,5.22,1980
14,3.707692308,5.22,1980
15,3.132075472,5.22,1980
16,2.577777778,5.22,1980
17,2.043636364,5.22,1980
18,1.976095618,5.34,1980
19,2.189473684,5.55,1980
20,2.827586207,5.88,1980
21,2.994340498,6.059999,1980
22,2.82182294,6.139999,1980
23,2.588815789,6.2,1980
24,3.140388769,6.5,1980
25,3.771273404,6.829999,1980
26,3.911946541,7.009999,1980
27,3.676652893,7.07,1980
28,3.264762729,7.069999,1980
29,2.864457831,7.07,1980
30,3.069306931,7.27,1980
31,3.249999756,7.45,1980
32,3.743739884,7.74,1980
33,4.338403042,8.07,1980
34,4.495308166,8.25,1980
35,4.314816667,8.31,1980
36,3.97440585,8.31,1980
37,3.642598698,8.31,1980
38,3.319070694,8.309999,1980
39,3.003521127,8.31,1980
40,2.69564983,8.309999,1980
41,2.704469677,8.430001,1980
42,2.636672326,8.52,1980
43,2.343960282,8.52,1980
44,2.058044776,8.52,1980
45,1.961038961,8.58,1980
46,1.898202694,8.629999,1980
47,3.064306867,9.25,1980
48,3.127388535,9.38,1980
49,3.094640602,9.47,1980
50,2.851557379,9.469999,1980
51,2.613003096,9.47,1980
52,2.516873122,9.53,1980
53,2.285712875,9.53,1980
54,2.05873494,9.53,1980
55,1.949807317,9.56,1980
56,1.836514959,9.559999,1980
57,2.391495601,9.98,1980
58,2.171510673,9.98,1980
59,2.927946686,10.43,1980
60,2.707142857,10.43,1980
1,6.022727273,2.91,1981
2,7,3.46,1981
3,4.796610169,3.48,1981
4,3.7,3.48,1981
5,4.435482258,3.83,1981
6,6.976742969,4.38,1981
7,5.254237288,4.39,1981
8,4.308822059,4.39,1981
9,3.571432041,4.400001,1981
10,2.833333333,4.4,1981
11,3.085714286,4.61,1981
12,2.568,4.63,1981
13,2.619607843,4.79,1981
14,4.169230769,5.34,1981
15,4.301886792,5.53,1981
16,3.762962963,5.54,1981
17,3.207272727,5.54,1981
18,4.885714286,6.16,1981
19,4.821052632,6.3,1981
20,4.310344828,6.31,1981
21,3.842760181,6.31,1981
22,3.389755011,6.31,1981
23,3.542763158,6.49,1981
24,3.107991361,6.49,1981
25,2.686173404,6.490001,1981
26,4.257861635,7.12,1981
27,4.265495868,7.26,1981
28,3.845213849,7.26,1981
29,4.972891566,7.77,1981
30,6.428577381,8.160001,1981
31,8.904162533,8.71,1981
32,8.122087632,8.710001,1981
33,7.413394919,8.72,1981
34,6.661588538,8.720001,1981
35,5.924530331,8.72,1981
36,5.706278027,8.81,1981
37,4.99638809,8.81,1981
38,5.502207657,9.030001,1981
39,5.947717865,9.240001,1981
40,8.597126689,9.860001,1981
41,7.883114481,9.860001,1981
42,7.182208686,9.860001,1981
43,9.800559692,10.49,1981
44,9.823162397,10.63,1981
45,9.12371134,10.63,1981
46,8.494575967,10.63,1981
47,7.884746068,10.63,1981
48,7.293307087,10.63,1981
49,7.204268234,10.73,1981
50,6.640121912,10.73,1981
51,6.186440678,10.75,1981
52,5.652857965,10.75,1981
53,5.134213754,10.75,1981
54,4.995481928,10.83,1981
55,5.118708494,10.97,1981
56,4.812123198,10.97,1981
57,4.568914956,10.97,1981
58,4.438959125,11.02,1981
59,4.203162824,11.02,1981
60,3.992857143,11.03,1981
1,0,1.98,1982
2,0,2.22,1982
3,2.355932203,3,1982
4,1.942857143,3.12,1982
5,2.499998387,3.43,1982
6,2.171876294,3.55,1982
7,1.641025641,3.56,1982
8,1.239669852,3.56,1982
9,1.079999328,3.65,1982
10,0,3.65,1982
11,1.398633257,4.08,1982
12,1.089285714,4.08,1982
13,1.010940919,4.18,1982
14,0,4.21,1982
15,0,4.26,1982
16,0,4.29,1982
17,0,4.31,1982
18,0,4.31,1982
19,2.119298246,5.53,1982
20,3.137931034,5.97,1982
21,3.096153846,6.09,1982
22,2.688195991,6.1,1982
23,2.490134868,6.170001,1982
24,3.140388769,6.5,1982
25,3.10106383,6.62,1982
26,3.18868239,6.780001,1982
27,3.769628099,7.1,1982
28,3.723014257,7.22,1982
29,3.346385542,7.23,1982
30,2.98020099,7.240001,1982
31,4.099611231,7.740001,1982
32,4.090560694,7.86,1982
33,3.768063688,7.870001,1982
34,3.425890782,7.87,1982
35,3.14815,7.89,1982
36,3.782452468,8.240001,1982
37,4.37364497,8.58,1982
38,4.361855046,8.7,1982
39,4.059856514,8.709999,1982
40,3.739127183,8.709999,1982
41,3.477663641,8.73,1982
42,3.578944822,8.889999,1982
43,4.659397098,9.440001,1982
44,4.645109453,9.56,1982
45,4.606559836,9.670001,1982
46,4.631494318,9.79,1982
47,4.438900518,9.82,1982
48,4.202231688,9.830001,1982
49,4.561521045,10.09,1982
50,4.304681317,10.09,1982
51,4.586687307,10.32,1982
52,4.403380529,10.35,1982
53,4.155009525,10.35,1982
54,3.911144578,10.35,1982
55,3.67164628,10.35,1982
56,3.436386606,10.35,1982
57,3.205278592,10.35,1982
58,3.479654011,10.58,1982
59,3.511520173,10.7,1982
60,3.307142857,10.71,1982
1,0,1.86,1983
2,0,1.92,1983
3,0,1.92,1983
4,0,2.34,1983
5,0,2.35,1983
6,0,2.71,1983
7,0,3.07,1983
8,0,3.1,1983
9,0,3.12,1983
10,0,3.45,1983
11,0,3.48,1983
12,0,3.49,1983
13,0,3.52,1983
14,0,3.54,1983
15,0,3.59,1983
16,0,3.62,1983
17,0,3.68,1983
18,0,3.86,1983
19,0,3.89,1983
20,0,4.27,1983
21,0,4.39,1983
22,0,4.68,1983
23,0,4.710001,1983
24,0,4.92,1983
25,0,4.92,1983
26,0,5.17,1983
27,0,5.45,1983
28,0,5.74,1983
29,0,5.74,1983
30,0,5.83,1983
31,0,5.860001,1983
32,0,6.23,1983
33,0,6.25,1983
34,0,6.320001,1983
35,0,6.35,1983
36,0,6.39,1983
37,0,6.410001,1983
38,0,6.590001,1983
39,0,6.59,1983
40,0,6.61,1983
41,0,6.81,1983
42,0,7.080001,1983
43,0,7.1,1983
44,0,7.1,1983
45,0,7.12,1983
46,0,7.219999,1983
47,0,7.22,1983
48,0,7.52,1983
49,0,7.55,1983
50,0,7.57,1983
51,0,7.660001,1983
52,0,7.680001,1983
53,0,7.68,1983
54,0,7.7,1983
55,0,8.280001,1983
56,0,8.339999,1983
57,0,8.37,1983
58,0,8.490001,1983
59,0,8.550002,1983
60,0,8.550001,1983
1,0,1.8,1984
2,4.421052632,3.15,1984
3,3.423728814,3.21,1984
4,2.35,3.21,1984
5,2.790320968,3.49,1984
6,2.171876294,3.55,1984
7,1.615384615,3.55,1984
8,1.214876504,3.55,1984
9,0,3.55,1984
10,0,3.6,1984
11,1.170842825,3.98,1984
12,0,4.03,1984
13,1.2297593,4.28,1984
14,3.246153846,5.1,1984
15,2.905660377,5.16,1984
16,2.355555556,5.16,1984
17,2.043636364,5.22,1984
18,1.856573705,5.28,1984
19,1.577299413,5.28,1984
20,1.307692308,5.28,1984
21,1.1,5.29,1984
22,1.011111111,5.36,1984
23,0,5.39,1984
24,3.205183585,6.52,1984
25,2.973404255,6.58,1984
26,2.559748428,6.58,1984
27,4.606404959,7.37,1984
28,4.395112016,7.44,1984
29,4.159638554,7.5,1984
30,3.782178218,7.51,1984
31,3.425780834,7.51,1984
32,3.07900289,7.510001,1984
33,2.741444867,7.51,1984
34,2.553471338,7.56,1984
35,2.425927778,7.63,1984
36,2.301645338,7.7,1984
37,2.072205711,7.730001,1984
38,1.890475714,7.74,1984
39,1.732395775,7.740001,1984
40,1.648148611,7.79,1984
41,1.68949726,7.93,1984
42,1.797297297,8.12,1984
43,1.928889239,8.33,1984
44,1.780702343,8.33,1984
45,2.024592623,8.620001,1984
46,3.146104708,9.18,1984
47,3.064304456,9.249999,1984
48,2.840764331,9.26,1984
49,2.929027435,9.400001,1984
50,2.687497607,9.4,1984
51,2.450464396,9.4,1984
52,2.493869234,9.520001,1984
53,2.650455964,9.690001,1984
54,3.278614458,10.07,1984
55,3.044779205,10.07,1984
56,3.236682907,10.26,1984
57,3.007331378,10.26,1984
58,4.155528068,10.89,1984
59,4.073479827,10.96,1984
60,3.864285714,10.97,1984
1,1.16,2.14,1985
2,1.0625,2.39,1985
3,1.558823529,2.78,1985
4,9.351851852,4.21,1985
5,7.544905662,4.23,1985
6,10.97562076,4.78,1985
7,8.559322034,4.78,1985
8,13.70655935,5.36,1985
9,17.04887517,5.76,1985
10,13.62637363,5.76,1985
11,10.81256771,5.76,1985
12,9.065420561,5.76,1985
13,8.162327718,5.81,1985
14,6.912650602,5.81,1985
15,5.777777778,5.82,1985
16,4.8,5.82,1985
17,4.370909091,5.86,1985
18,3.814285714,5.86,1985
19,5.618922114,6.440001,1985
20,7.260280822,6.840001,1985
21,6.275303644,6.84,1985
22,5.319155585,6.840001,1985
23,4.694082237,6.840001,1985
24,4.241900648,6.84,1985
25,3.803191489,6.84,1985
26,3.377361635,6.840001,1985
27,3.55268595,7.03,1985
28,3.142566191,7.03,1985
29,2.743978916,7.030001,1985
30,2.356435644,7.03,1985
31,2.019532207,7.03,1985
32,1.833334375,7.03,1985
33,1.661538462,7.03,1985
34,1.510101515,7.04,1985
35,1.990050731,7.47,1985
36,2.767824497,7.87,1985
37,2.451266741,7.870001,1985
38,2.142601731,7.87,1985
39,2.237676056,8.02,1985
40,1.967593056,8.02,1985
41,1.812784932,8.02,1985
42,1.662162162,8.02,1985
43,1.515555354,8.02,1985
44,1.399122894,8.04,1985
45,1.480520779,8.210001,1985
46,1.500429213,8.320001,1985
47,1.393068802,8.33,1985
48,1.601503759,8.59,1985
49,1.594551443,8.680001,1985
50,1.612244648,8.79,1985
51,1.653753027,8.92,1985
52,1.670392526,9.030001,1985
53,1.662984747,9.120001,1985
54,1.67915808,9.230001,1985
55,1.671817248,9.320002,1985
56,1.572957382,9.330001,1985
57,1.47619161,9.340001,1985
58,1.493644926,9.450002,1985
59,1.488527997,9.540002,1985
60,1.483518681,9.630002,1985
1,5.568181818,2.87,1986
2,4,3.07,1986
3,2.711864407,3.07,1986
4,2.15,3.17,1986
5,5.748499552,4.03,1986
6,20.48780428,5.3,1986
7,26.44927536,5.83,1986
8,25.71428571,6.03,1986
9,22.2932341,6.07,1986
10,19.72527473,6.13,1986
11,17.47562297,6.17,1986
12,22.17947115,6.639999,1986
13,19.95783456,6.679999,1986
14,17.17254158,6.679999,1986
15,14.61538462,6.69,1986
16,11.97368421,6.69,1986
17,10.44956543,6.760001,1986
18,9.011292373,6.759999,1986
19,7.84422114,6.759999,1986
20,9.999993151,7.239999,1986
21,9.24425776,7.279999,1986
22,8.244680851,7.28,1986
23,7.339449541,7.29,1986
24,6.395342377,7.289999,1986
25,6.369420382,7.429999,1986
26,6.721099246,7.629999,1986
27,5.885997522,7.64,1986
28,7.762836186,8.09,1986
29,7.117008444,8.13,1986
30,6.904755952,8.239999,1986
31,6.194026861,8.25,1986
32,6.372474004,8.41,1986
33,7.297915704,8.699999,1986
34,6.775917893,8.740001,1986
35,6.094335671,8.749999,1986
36,5.930493274,8.85,1986
37,5.21465782,8.850001,1986
38,4.762924922,8.85,1986
39,4.455985915,8.86,1986
40,4.521735198,9.009999,1986
41,4.946737068,9.3,1986
42,4.724955008,9.339999,1986
43,4.432882187,9.349999,1986
44,4.3714801,9.450001,1986
45,4.065571311,9.449999,1986
46,4.38799026,9.690001,1986
47,4.149514793,9.700001,1986
48,4.273887739,9.860001,1986
49,4.703477216,10.15,1986
50,4.539055768,10.19,1986
51,4.308049536,10.2,1986
52,4.28834959,10.3,1986
53,4.041028022,10.3,1986
54,3.798192771,10.3,1986
55,3.559705731,10.3,1986
56,3.458575906,10.36,1986
57,3.315249267,10.4,1986
58,3.174420565,10.44,1986
59,3.100857349,10.51,1986
60,2.942857143,10.54,1986
1,3.468085106,2.58,1987
2,1.78125,2.62,1987
3,1.382352941,2.72,1987
4,1.342857143,2.91,1987
5,1.431192787,3.12,1987
6,4.234373071,3.99,1987
7,6.525423729,4.54,1987
8,5.277775,4.58,1987
9,4.857140204,4.7,1987
10,7.338709677,5.21,1987
11,6.354992076,5.25,1987
12,5.950155763,5.36,1987
13,5.02297856,5.400001,1987
14,4.4,5.4,1987
15,4.981132075,5.71,1987
16,4.540740741,5.75,1987
17,3.970909091,5.75,1987
18,3.885714286,5.88,1987
19,3.347368421,5.88,1987
20,2.827586207,5.88,1987
21,7.152496626,6.97,1987
22,6.449468085,7.01,1987
23,5.504587156,7.01,1987
24,4.857451404,7.03,1987
25,4.537234043,7.07,1987
26,8.165829146,7.86,1987
27,7.496902107,7.9,1987
28,7.457212714,8.04,1987
29,7.840772014,8.25,1987
30,15.13159211,9.150001,1987
31,13.83254973,9.19,1987
32,12.04075245,9.19,1987
33,36.68478261,10.77,1987
34,38.30935834,10.98,1987
35,35.35715816,11.02,1987
36,31.38297872,11.02,1987
37,27.46471806,11.02,1987
38,39.07341557,11.61,1987
39,36.19791667,11.65,1987
40,32.32755053,11.65,1987
41,28.51033555,11.65,1987
42,24.88170347,11.65,1987
43,29.6452172,11.99,1987
44,26.92960114,12.03,1987
45,24.19230769,12.03,1987
46,22.66584268,12.03,1987
47,21.15480378,12.03,1987
48,19.65909091,12.03,1987
49,21.34424042,12.31,1987
50,31.85478018,13.05,1987
51,31.73076923,13.18,1987
52,29.45866414,13.22,1987
53,26.26574768,13.22,1987
54,24.11764706,13.22,1987
55,22.65856175,13.22,1987
56,21.21357421,13.22,1987
57,20.65217391,13.3,1987
58,20.42068712,13.41,1987
59,19.65309975,13.47,1987
60,18.67857143,13.51,1987
1,0,1.75,1988
2,2.578947368,2.8,1988
3,1.970588235,2.92,1988
4,2.7,3.28,1988
5,2.30645,3.39,1988
6,1.752212836,3.42,1988
7,1.692307692,3.58,1988
8,3.161763235,4.13,1988
9,2.928571531,4.25,1988
10,3.708333333,4.61,1988
11,3.534693878,4.72,1988
12,2.928,4.72,1988
13,2.345098039,4.72,1988
14,1.901287554,4.73,1988
15,2.301886792,5,1988
16,2.17037037,5.11,1988
17,1.963488844,5.19,1988
18,1.677292829,5.190001,1988
19,1.518590998,5.25,1988
20,1.788461538,5.53,1988
21,1.68490566,5.6,1988
22,4.792873051,6.73,1988
23,4.496710526,6.78,1988
24,4.144705184,6.809999,1988
25,3.707446809,6.81,1988
26,3.283018868,6.81,1988
27,3.583677686,7.04,1988
28,7.57945599,8.059999,1988
29,6.996381182,8.11,1988
30,6.130952381,8.11,1988
31,5.369202961,8.11,1988
32,4.813106936,8.110001,1988
33,5.854515012,8.450002,1988
34,5.575453945,8.53,1988
35,5.132084656,8.580001,1988
36,4.714810786,8.580001,1988
37,4.373647677,8.580001,1988
38,4.040999145,8.58,1988
39,4.086270246,8.720001,1988
40,4.182605059,8.879999,1988
41,4.17353795,8.999999,1988
42,3.986417657,9.05,1988
43,3.67785178,9.05,1988
44,3.376450249,9.049999,1988
45,3.131147541,9.07,1988
46,3.073055195,9.150001,1988
47,3.112538223,9.27,1988
48,2.88853742,9.280001,1988
49,2.645112725,9.28,1988
50,2.429688055,9.290001,1988
51,2.218266254,9.3,1988
52,2.033745476,9.320001,1988
53,1.92344211,9.340001,1988
54,1.983607728,9.490001,1988
55,1.868727362,9.490001,1988
56,1.779220482,9.51,1988
57,1.929704082,9.739999,1988
58,2.062498728,9.93,1988
59,2.603739193,10.28,1988
60,2.985714286,10.56,1988
1,17.6119403,3.6,1989
2,8.8,3.64,1989
3,9.519230769,3.99,1989
4,7.314814815,3.99,1989
5,5.568858941,4.01,1989
6,4.328122925,4.01,1989
7,5.847457627,4.46,1989
8,14.40154031,5.4,1989
9,11.80451624,5.45,1989
10,14.12087912,5.79,1989
11,12.11267606,5.84,1989
12,9.68847352,5.84,1989
13,10,6.05,1989
14,9.021084337,6.09,1989
15,10.76923077,6.44,1989
16,14.09919028,6.83,1989
17,12.0979021,6.87,1989
18,14.73372781,7.22,1989
19,12.19084713,7.22,1989
20,10,7.24,1989
21,8.974358974,7.24,1989
22,7.978723404,7.24,1989
23,7.011795544,7.24,1989
24,6.072351421,7.24,1989
25,5.159235669,7.24,1989
26,6.344221106,7.57,1989
27,12.7837973,8.510001,1989
28,11.39285839,8.56,1989
29,9.710494572,8.56,1989
30,8.809517857,8.559999,1989
31,8.02042264,8.56,1989
32,11.65326535,9.16,1989
33,9.953810624,9.16,1989
34,9.805640096,9.27,1989
35,16.28492645,9.94,1989
36,14.53489618,9.940001,1989
37,12.81559189,9.940001,1989
38,11.1262159,9.94,1989
39,14.32038835,10.34,1989
40,13.24865442,10.39,1989
41,16.13204171,10.77,1989
42,18.25709779,11.09,1989
43,17.17933478,11.14,1989
44,16.11945739,11.19,1989
45,14.5,11.19,1989
46,15.66325593,11.42,1989
47,18.18527571,11.77,1989
48,16.70454545,11.77,1989
49,20.10051558,12.2,1989
50,22.22497638,12.52,1989
51,20.85820896,12.53,1989
52,19.39357373,12.53,1989
53,17.94334757,12.53,1989
54,16.50735294,12.53,1989
55,15.08535407,12.53,1989
56,13.67720302,12.53,1989
57,12.2826087,12.53,1989
58,11.76679936,12.61,1989
59,10.39477084,12.61,1989
60,9.625,12.61,1989
1,0,1.78,1990
2,1.8125,2.63,1990
3,1.647058824,2.81,1990
4,1.142857143,2.84,1990
5,0,2.85,1990
6,0,2.86,1990
7,1.692307692,3.58,1990
8,1.314049894,3.59,1990
9,0,3.59,1990
10,0,3.59,1990
11,0,3.59,1990
12,0,3.66,1990
13,0,3.92,1990
14,0,3.92,1990
15,0,4.17,1990
16,0,4.18,1990
17,0,4.180001,1990
18,0,4.22,1990
19,0,4.41,1990
20,0,4.41,1990
21,0,4.68,1990
22,0,4.860001,1990
23,0,4.86,1990
24,0,5.52,1990
25,0,5.52,1990
26,0,5.52,1990
27,0,5.52,1990
28,1.206666667,6.18,1990
29,1.01147541,6.18,1990
30,0,6.18,1990
31,0,6.179999,1990
32,0,6.18,1990
33,0,6.55,1990
34,0,6.58,1990
35,0,6.58,1990
36,0,6.58,1990
37,0,6.64,1990
38,0,6.89,1990
39,0,6.89,1990
40,0,6.89,1990
41,0,6.89,1990
42,0,7.01,1990
43,0,7.26,1990
44,0,7.29,1990
45,0,7.33,1990
46,0,7.4,1990
47,0,7.4,1990
48,0,7.400001,1990
49,0,7.6,1990
50,0,7.7,1990
51,0,7.77,1990
52,0,7.8,1990
53,0,7.800001,1990
54,0,7.8,1990
55,0,7.8,1990
56,0,7.8,1990
57,0,7.8,1990
58,0,7.800001,1990
59,0,8.140001,1990
60,0,8.24,1990
1,0,1.63,1991
2,0,2.15,1991
3,0,2.15,1991
4,0,2.15,1991
5,0,2.2,1991
6,0,2.49,1991
7,0,2.49,1991
8,0,2.87,1991
9,0,2.87,1991
10,0,2.97,1991
11,0,3.16,1991
12,0,3.24,1991
13,0,3.29,1991
14,0,3.57,1991
15,0,4.37,1991
16,0,4.37,1991
17,0,4.37,1991
18,0,4.4,1991
19,0,4.4,1991
20,0,4.78,1991
21,0,5.210001,1991
22,0,5.21,1991
23,2.292763158,6.11,1991
24,1.932142857,6.11,1991
25,1.710526316,6.11,1991
26,2.025157233,6.41,1991
27,2.189049587,6.59,1991
28,1.890001667,6.590001,1991
29,1.683606557,6.59,1991
30,1.532258065,6.62,1991
31,1.359788889,6.62,1991
32,1.552085938,6.850001,1991
33,1.384615385,6.85,1991
34,1.222221212,6.849999,1991
35,1.109452402,6.88,1991
36,0,6.88,1991
37,0,6.880001,1991
38,0,6.880001,1991
39,0,6.88,1991
40,0,6.89,1991
41,0,6.89,1991
42,0,7.2,1991
43,0,7.2,1991
44,0,7.200001,1991
45,0,7.5,1991
46,0,7.68,1991
47,0,7.68,1991
48,0,7.91,1991
49,0,7.91,1991
50,0,8.24,1991
51,1.338983051,8.66,1991
52,1.275338099,8.699999,1991
53,1.165746779,8.7,1991
54,1.362996487,8.959999,1991
55,1.463320642,9.14,1991
56,1.401069366,9.18,1991
57,1.29478458,9.18,1991
58,1.291698407,9.27,1991
59,1.677272833,9.709999,1991
60,1.714285714,9.84,1991
1,0,1.44,1992
2,0,1.86,1992
3,0,2.05,1992
4,0,2.06,1992
5,0,2.23,1992
6,0,2.8,1992
7,0,3.22,1992
8,1.190083157,3.54,1992
9,0,3.54,1992
10,0,3.54,1992
11,0,3.58,1992
12,0,3.79,1992
13,0,4.11,1992
14,0,4.11,1992
15,0,4.23,1992
16,0,4.55,1992
17,0,4.55,1992
18,0,4.58,1992
19,0,4.58,1992
20,0,4.59,1992
21,0,4.590001,1992
22,0,4.59,1992
23,0,4.97,1992
24,0,5.29,1992
25,0,5.49,1992
26,0,5.490001,1992
27,0,5.680001,1992
28,0,5.710001,1992
29,0,5.710001,1992
30,0,5.860001,1992
31,0,5.950001,1992
32,0,5.98,1992
33,0,6.03,1992
34,0,6.06,1992
35,0,6.19,1992
36,0,6.3,1992
37,0,6.34,1992
38,0,6.37,1992
39,0,6.370001,1992
40,0,6.38,1992
41,0,6.390001,1992
42,0,6.4,1992
43,0,6.42,1992
44,0,6.480001,1992
45,0,6.78,1992
46,0,7.160001,1992
47,0,7.190001,1992
48,0,7.32,1992
49,0,7.350001,1992
50,0,7.380001,1992
51,0,7.380001,1992
52,0,7.390002,1992
53,0,7.390001,1992
54,0,7.390001,1992
55,0,7.420002,1992
56,0,7.630001,1992
57,0,7.720001,1992
58,0,7.750002,1992
59,0,7.75,1992
60,0,7.89,1992
1,0,1.27,1993
2,0,2.12,1993
3,0,2.32,1993
4,0,2.32,1993
5,0,2.32,1993
6,0,2.79,1993
7,0,2.99,1993
8,0,2.99,1993
9,0,2.99,1993
10,0,3.2,1993
11,0,3.2,1993
12,0,3.65,1993
13,1.164113786,4.25,1993
14,1.300429185,4.45,1993
15,1.178947368,4.53,1993
16,0,4.53,1993
17,0,4.66,1993
18,0,4.74,1993
19,0,4.74,1993
20,0,4.74,1993
21,0,4.85,1993
22,0,4.85,1993
23,1.561818182,5.78,1993
24,1.485714286,5.86,1993
25,1.271929825,5.86,1993
26,1.082758621,5.87,1993
27,0,5.92,1993
28,0,6,1993
29,0,6.01,1993
30,0,6.18,1993
31,0,6.18,1993
32,0,6.190001,1993
33,0,6.23,1993
34,0,6.32,1993
35,0,6.330001,1993
36,0,6.33,1993
37,0,6.33,1993
38,0,6.35,1993
39,0,6.35,1993
40,0,6.440001,1993
41,0,6.59,1993
42,0,6.63,1993
43,0,6.99,1993
44,0,7.07,1993
45,0,7.120001,1993
46,0,7.12,1993
47,0,7.12,1993
48,0,7.12,1993
49,0,7.129999,1993
50,0,7.390001,1993
51,0,7.440001,1993
52,0,7.47,1993
53,0,7.710001,1993
54,0,7.79,1993
55,0,7.94,1993
56,0,8.140001,1993
57,0,8.14,1993
58,0,8.14,1993
59,0,8.14,1993
60,0,8.580001,1993
1,0,2.08,1994
2,1.21875,2.44,1994
3,1.5,2.76,1994
4,1.885714286,3.1,1994
5,1.678898754,3.21,1994
6,1.194689725,3.21,1994
7,0,3.21,1994
8,2.191175,3.91,1994
9,1.94400071,4.01,1994
10,1.558139535,4.01,1994
11,1.785876993,4.25,1994
12,5.327102804,5.28,1994
13,6.860643185,5.64,1994
14,6.460843373,5.75,1994
15,5.259259259,5.75,1994
16,6.938768222,6.139999,1994
17,6.556671449,6.25,1994
18,5.40960452,6.25,1994
19,10.5842259,7.11,1994
20,9.863013699,7.22,1994
21,8.839406208,7.22,1994
22,8.57712766,7.33,1994
23,8.322411533,7.44,1994
24,7.428940568,7.45,1994
25,6.496815287,7.45,1994
26,6.469842965,7.589999,1994
27,6.071877323,7.670001,1994
28,5.19559291,7.669999,1994
29,4.671683735,7.669999,1994
30,4.257425743,7.67,1994
31,3.923827223,7.68,1994
32,4.263973988,7.920001,1994
33,4.053231939,7.97,1994
34,3.707313595,7.969999,1994
35,3.842591667,8.139999,1994
36,3.645338208,8.19,1994
37,3.317689244,8.19,1994
38,4.629234964,8.8,1994
39,7.636165577,9.55,1994
40,7.841730462,9.720001,1994
41,7.722738615,9.83,1994
42,7.076271186,9.84,1994
43,6.756476037,9.910001,1994
44,6.442443521,9.98,1994
45,6.18556701,10.06,1994
46,5.652908599,10.07,1994
47,5.436362001,10.14,1994
48,4.942675159,10.14,1994
49,4.679817854,10.14,1994
50,4.515618323,10.18,1994
51,4.354489164,10.22,1994
52,4.426386717,10.36,1994
53,4.565342936,10.53,1994
54,4.430722892,10.58,1994
55,4.253737135,10.61,1994
56,4.124254902,10.66,1994
57,3.887096774,10.66,1994
58,3.654073122,10.66,1994
59,3.425064841,10.66,1994
60,3.2,10.66,1994
1,0,1.68,1995
2,0,1.89,1995
3,0,1.96,1995
4,0,1.96,1995
5,0,1.96,1995
6,0,2.2,1995
7,0,2.25,1995
8,0,2.48,1995
9,0,2.5,1995
10,0,2.7,1995
11,0,3.02,1995
12,0,3.06,1995
13,0,3.26,1995
14,0,3.33,1995
15,0,3.33,1995
16,0,3.89,1995
17,0,3.91,1995
18,0,3.91,1995
19,0,4.23,1995
20,0,4.33,1995
21,0,4.61,1995
22,0,4.92,1995
23,0,4.92,1995
24,0,4.92,1995
25,0,4.92,1995
26,0,4.95,1995
27,0,5.08,1995
28,0,5.4,1995
29,0,5.73,1995
30,0,5.86,1995
31,0,5.86,1995
32,0,5.87,1995
33,0,5.91,1995
34,0,6.02,1995
35,0,6.04,1995
36,0,6.039999,1995
37,0,6.22,1995
38,0,6.22,1995
39,0,6.67,1995
40,0,7,1995
41,0,7,1995
42,0,7.03,1995
43,0,7.05,1995
44,0,7.05,1995
45,0,7.08,1995
46,0,7.08,1995
47,0,7.08,1995
48,0,7.17,1995
49,0,7.17,1995
50,0,7.22,1995
51,0,7.51,1995
52,0,7.58,1995
53,0,7.58,1995
54,0,7.66,1995
55,0,7.8,1995
56,0,8.13,1995
57,0,8.22,1995
58,0,8.29,1995
59,0,8.56,1995
60,1.120878022,9.299999,1995
1,0,2.01,1996
2,0,2.05,1996
3,0,2.27,1996
4,0,2.35,1996
5,0,2.35,1996
6,0,2.41,1996
7,1.282051282,3.42,1996
8,1.438016631,3.64,1996
9,1.05599929,3.64,1996
10,0,3.74,1996
11,0,3.75,1996
12,0,3.8,1996
13,0,3.83,1996
14,0,3.9,1996
15,0,4.07,1996
16,0,4.08,1996
17,0,4.12,1996
18,0,4.21,1996
19,0,4.24,1996
20,0,4.29,1996
21,0,4.32,1996
22,1.696296296,5.73,1996
23,1.870909091,5.95,1996
24,1.717857143,5.99,1996
25,1.5,5.99,1996
26,1.289655172,5.99,1996
27,1.289830508,6.11,1996
28,1.156666667,6.15,1996
29,1.011477049,6.180001,1996
30,0,6.19,1996
31,0,6.280001,1996
32,0,6.32,1996
33,0,6.33,1996
34,0,6.490001,1996
35,0,6.49,1996
36,0,6.49,1996
37,1.560385507,7.399999,1996
38,1.719045714,7.619999,1996
39,1.718308451,7.729999,1996
40,1.634259722,7.78,1996
41,1.484016438,7.779999,1996
42,1.337839189,7.780001,1996
43,1.528888705,8.03,1996
44,2.331676617,8.63,1996
45,2.590163934,8.85,1996
46,2.464286526,8.9,1996
47,2.220258134,8.9,1996
48,1.98997619,8.900001,1996
49,2.006309952,9.01,1996
50,1.942856758,9.06,1996
51,1.859565375,9.090001,1996
52,1.754191442,9.100001,1996
53,1.734017389,9.18,1996
54,1.679156909,9.23,1996
55,1.579151961,9.240001,1996
56,1.46982526,9.240001,1996
57,1.396825397,9.27,1996
58,1.325355787,9.3,1996
59,1.23316061,9.31,1996
60,1.21978022,9.39,1996
1,53.27868852,4.54,1997
2,42.74193548,4.94,1997
3,46.03174603,5.34,1997
4,67.64705882,5.95,1997
5,77.51196413,6.35,1997
6,64.48601144,6.43,1997
7,48.55076087,6.440001,1997
8,40.35714286,6.44,1997
9,32.3943662,6.44,1997
10,51.97368421,7.2,1997
11,65.49479167,7.6,1997
12,58.11862113,7.680001,1997
13,47.79119813,7.680001,1997
14,50.12632576,7.940001,1997
15,46.40522876,8.02,1997
16,40.24545834,8.02,1997
17,34.22733078,8.02,1997
18,28.3459596,8.02,1997
19,23.87536514,8.02,1997
20,21.25,8.02,1997
21,24.68574256,8.420001,1997
22,23.52831604,8.500001,1997
23,21.27102804,8.5,1997
24,19.05556394,8.5,1997
25,17.56880734,8.55,1997
26,16.51818182,8.63,1997
27,14.40540541,8.63,1997
28,12.59823,8.650001,1997
29,15.86726991,9.050001,1997
30,14.86842105,9.13,1997
31,13.05039673,9.13,1997
32,11.26577826,9.13,1997
33,9.780600462,9.13,1997
34,12.35906889,9.49,1997
35,11.63408415,9.570001,1997
36,9.966373318,9.570001,1997
37,9.211700009,9.570001,1997
38,8.471410426,9.570001,1997
39,7.79956427,9.58,1997
40,7.086328839,9.58,1997
41,6.386317615,9.58,1997
42,6.016949153,9.64,1997
43,7.438766577,10.04,1997
44,7.170598356,10.12,1997
45,6.494845361,10.12,1997
46,5.9066289,10.12,1997
47,5.336427958,10.12,1997
48,5.62007874,10.29,1997
49,5.458966005,10.37,1997
50,4.984367224,10.38,1997
51,4.726006192,10.38,1997
52,7.926977556,11.24,1997
53,7.3764483,11.24,1997
54,6.841155235,11.24,1997
55,7.833825912,11.58,1997
56,7.306790438,11.58,1997
57,6.793760832,11.58,1997
58,6.465228248,11.62,1997
59,6.398418112,11.72,1997
60,7.083333333,12,1997
1,1.08,2.12,1998
2,0,2.2,1998
3,0,2.2,1998
4,0,2.2,1998
5,0,2.63,1998
6,0,2.65,1998
7,1.717948718,3.59,1998
8,1.338843242,3.6,1998
9,0,3.6,1998
10,0,3.7,1998
11,0,3.71,1998
12,0,3.71,1998
13,0,3.79,1998
14,0,3.79,1998
15,0,4.08,1998
16,0,4.08,1998
17,0,4.08,1998
18,0,4.11,1998
19,0,4.43,1998
20,0,4.759999,1998
21,0,4.76,1998
22,0,4.759999,1998
23,0,5.25,1998
24,0,5.26,1998
25,0,5.559999,1998
26,0,5.57,1998
27,2.096071281,6.559999,1998
28,1.856666667,6.57,1998
29,1.913114754,6.73,1998
30,1.725806452,6.74,1998
31,1.550265079,6.74,1998
32,1.536457813,6.839999,1998
33,1.384615385,6.85,1998
34,1.222221212,6.849999,1998
35,1.184077887,6.929999,1998
36,1.029410294,6.929999,1998
37,1.067633333,7.06,1998
38,0,7.06,1998
39,1.253521127,7.4,1998
40,1.425926389,7.63,1998
41,2.214775958,8.24,1998
42,2,8.27,1998
43,1.862222483,8.28,1998
44,1.807018167,8.35,1998
45,1.701298701,8.38,1998
46,1.590248328,8.39,1998
47,1.532546097,8.440001,1998
48,1.451126566,8.469999,1998
49,1.458300354,8.570001,1998
50,1.379591682,8.6,1998
51,1.266343826,8.6,1998
52,1.179570303,8.620001,1998
53,1.615627679,9.08,1998
54,1.538642857,9.110001,1998
55,1.428572752,9.110001,1998
56,1.607334757,9.360001,1998
57,1.532879819,9.39,1998
58,1.459986425,9.420001,1998
59,1.477424054,9.530001,1998
60,1.406593407,9.56,1998
1,8.977272727,3.17,1999
2,6.4,3.4,1999
3,6.538461538,3.68,1999
4,4.7,3.68,1999
5,6.916163523,4.16,1999
6,5.406971877,4.2,1999
7,4.409090909,4.23,1999
8,3.955880882,4.31,1999
9,3.314285265,4.34,1999
10,2.583333333,4.34,1999
11,2.391836735,4.44,1999
12,2.128,4.52,1999
13,3.6,5.04,1999
14,4.246153846,5.36,1999
15,5.851851852,5.83,1999
16,4.948148148,5.86,1999
17,9.282639885,6.63,1999
18,9.717514124,6.86,1999
19,8.539638387,6.86,1999
20,9.520547945,7.17,1999
21,10.2571431,7.41,1999
22,9.308510638,7.44,1999
23,8.322411533,7.44,1999
24,11.41666798,7.95,1999
25,9.872611465,7.98,1999
26,9.045226131,8,1999
27,10.08108108,8.31,1999
28,9.229828851,8.33,1999
29,9.348618818,8.500001,1999
30,10.78948684,8.820001,1999
31,15.13613808,9.29,1999
32,13.33238901,9.290001,1999
33,12.45735068,9.360001,1999
34,16.67135803,9.830001,1999
35,15.15363743,9.85,1999
36,13.41362126,9.85,1999
37,17.38472178,10.31,1999
38,15.65561168,10.31,1999
39,13.95631068,10.31,1999
40,18.78339897,10.85,1999
41,17.32504593,10.87,1999
42,15.65457413,10.87,1999
43,18.46973809,11.25,1999
44,19.49330272,11.48,1999
45,19.92307692,11.66,1999
46,18.41837203,11.66,1999
47,21.15480378,12.03,1999
48,21.70454545,12.21,1999
49,20.55277916,12.24,1999
50,20.76248369,12.39,1999
51,21.30597015,12.57,1999
52,19.83912049,12.57,1999
53,18.38669514,12.57,1999
54,19.375,12.79,1999
55,22.54880512,13.21,1999
56,23.61647516,13.44,1999
57,29.86111111,13.91,1999
58,30.90496655,14.09,1999
59,27.82005433,14.09,1999
60,24.89285714,14.09,1999
1,0,1.5,2000
2,0,1.79,2000
3,0,1.93,2000
4,0,2.38,2000
5,0,2.38,2000
6,0,2.8,2000
7,1.564102564,3.53,2000
8,1.239669852,3.56,2000
9,1.391999827,3.78,2000
10,1.046511628,3.79,2000
11,1.307517084,4.04,2000
12,1,4.04,2000
13,0,4.16,2000
14,0,4.22,2000
15,0,4.42,2000
16,0,4.42,2000
17,0,4.47,2000
18,0,4.53,2000
19,1.048923679,5.01,2000
20,0,5.03,2000
21,0,5.03,2000
22,0,5.050001,2000
23,0,5.32,2000
24,0,5.32,2000
25,0,5.320001,2000
26,0,5.74,2000
27,0,5.76,2000
28,0,5.76,2000
29,0,5.780001,2000
30,0,6.05,2000
31,0,6.05,2000
32,0,6.05,2000
33,0,6.409999,2000
34,0,6.41,2000
35,0,6.680001,2000
36,0,6.68,2000
37,1.241546377,7.18,2000
38,1.84762,7.710001,2000
39,2.369720951,8.070001,2000
40,2.121742503,8.090001,2000
41,1.908675342,8.09,2000
42,1.756758108,8.090001,2000
43,1.688890252,8.150001,2000
44,1.570177066,8.170001,2000
45,1.779220779,8.44,2000
46,2.220784903,8.800002,2000
47,2.02733271,8.82,2000
48,1.889725564,8.820001,2000
49,1.767961919,8.820001,2000
50,1.661225444,8.830001,2000
51,1.54479661,8.830002,2000
52,1.430967051,8.830001,2000
53,1.319654586,8.830001,2000
54,1.210772834,8.83,2000
55,1.104248303,8.830001,2000
56,1.000002292,8.830002,2000
57,0,8.870002,2000
58,0,8.870001,2000
59,0,8.87,2000
60,0,8.960002,2000
1,1.52,2.23,2001
2,1.3125,2.47,2001
3,1.823529412,2.87,2001
4,1.428571429,2.94,2001
5,4.629030645,3.87,2001
6,6.279066928,4.3,2001
7,5.084745763,4.37,2001
8,4.220586765,4.37,2001
9,3.528570673,4.39,2001
10,2.791666667,4.39,2001
11,3.126530612,4.62,2001
12,15.28847756,6.210001,2001
13,13.6354215,6.280001,2001
14,11.09147609,6.29,2001
15,9.333340741,6.300001,2001
16,8.177849854,6.310001,2001
17,6.987087518,6.31,2001
18,6.115819209,6.35,2001
19,6.662037552,6.590001,2001
20,6.780821918,6.77,2001
21,9.446693657,7.31,2001
22,9.640950798,7.489999,2001
23,8.71559633,7.5,2001
24,7.751937984,7.5,2001
25,6.815286624,7.5,2001
26,5.904522613,7.5,2001
27,5.762081784,7.62,2001
28,4.975560081,7.63,2001
29,6.272617612,7.99,2001
30,5.476190476,8,2001
31,4.861326307,8,2001
32,4.495184971,8,2001
33,4.13878327,8,2001
34,3.791744098,8,2001
35,3.564816667,8.04,2001
36,3.26142596,8.05,2001
37,2.938628214,8.05,2001
38,2.623885583,8.05,2001
39,2.316901408,8.05,2001
40,2.017392159,8.05,2001
41,1.867579452,8.06,2001
42,1.824324324,8.14,2001
43,1.688888919,8.15,2001
44,1.543859926,8.15,2001
45,1.402598701,8.150001,2001
46,1.372113076,8.22,2001
47,1.266272414,8.23,2001
48,1.15037594,8.23,2001
49,1.037159388,8.23,2001
50,0,8.23,2001
51,0,8.250001,2001
52,0,8.420001,2001
53,0,8.429999,2001
54,0,8.530001,2001
55,0,8.54,2001
56,1.19480512,9,2001
57,1.963718821,9.77,2001
58,1.8750941,9.790001,2001
59,1.777200554,9.800001,2001
60,1.67032967,9.8,2001
1,0,1.54,2002
2,0,1.58,2002
3,0,1.59,2002
4,0,2.4,2002
5,0,2.4,2002
6,0,2.86,2002
7,0,2.89,2002
8,0,2.92,2002
9,0,2.98,2002
10,0,3.05,2002
11,0,3.08,2002
12,0,3.11,2002
13,0,3.29,2002
14,0,3.32,2002
15,0,3.37,2002
16,0,3.57,2002
17,0,3.57,2002
18,0,3.78,2002
19,0,3.85,2002
20,0,3.88,2002
21,0,3.89,2002
22,0,3.89,2002
23,0,3.89,2002
24,0,3.89,2002
25,0,3.91,2002
26,0,4.16,2002
27,0,4.21,2002
28,0,4.24,2002
29,0,4.36,2002
30,0,4.36,2002
31,0,4.690001,2002
32,0,4.890001,2002
33,0,5.04,2002
34,0,5.25,2002
35,0,5.39,2002
36,0,5.740001,2002
37,0,5.85,2002
38,0,5.88,2002
39,0,6.12,2002
40,0,6.24,2002
41,0,6.27,2002
42,0,6.73,2002
43,0,6.82,2002
44,0,6.85,2002
45,0,7.11,2002
46,0,7.14,2002
47,0,7.15,2002
48,0,7.44,2002
49,0,7.47,2002
50,0,7.47,2002
51,0,7.550001,2002
52,0,7.62,2002
53,0,7.84,2002
54,0,7.910001,2002
55,0,7.920001,2002
56,0,8.17,2002
57,0,8.240001,2002
58,0,8.25,2002
59,0,8.25,2002
60,0,8.250002,2002
1,1.36,2.19,2003
2,3.052631579,2.89,2003
3,2.86440678,3.1,2003
4,2.95,3.33,2003
5,2.354837097,3.4,2003
6,1.699115397,3.4,2003
7,1.307692308,3.43,2003
8,1.140496462,3.52,2003
9,1.295999674,3.74,2003
10,1.418604651,3.95,2003
11,1.62642369,4.18,2003
12,1.714285714,4.36,2003
13,3.678431373,5.06,2003
14,3.9,5.27,2003
15,4.188679245,5.5,2003
16,3.874074074,5.57,2003
17,4.007272727,5.76,2003
18,4.278571429,5.99,2003
19,3.978947368,6.06,2003
20,3.448275862,6.06,2003
21,3.876696833,6.32,2003
22,4.592430958,6.670001,2003
23,4.825661184,6.880001,2003
24,5.23255814,7.11,2003
25,4.888301064,7.180001,2003
26,4.446544025,7.180001,2003
27,4.11053719,7.21,2003
28,3.723014257,7.22,2003
29,3.31626506,7.22,2003
30,3.514851485,7.42,2003
31,4.18750177,7.770001,2003
32,4.177265896,7.89,2003
33,4.880228137,8.26,2003
34,4.607881231,8.290001,2003
35,4.787038889,8.48,2003
36,5.369955157,8.75,2003
37,4.915163434,8.780001,2003
38,4.81640358,8.870001,2003
39,6.764700436,9.389999,2003
40,6.22301347,9.419999,2003
41,6.546693481,9.610001,2003
42,7.288130297,9.879999,2003
43,6.703986497,9.9,2003
44,6.078366104,9.91,2003
45,7.216494845,10.26,2003
46,6.617045742,10.26,2003
47,7.984680111,10.65,2003
48,9.114173228,11,2003
49,8.513244905,11,2003
50,7.977710049,11.01,2003
51,7.410546139,11.01,2003
52,6.90594427,11.02,2003
53,6.827329636,11.12,2003
54,6.299638989,11.12,2003
55,5.786360318,11.12,2003
56,5.330783553,11.13,2003
57,4.920821114,11.13,2003
58,4.940414071,11.25,2003
59,4.70028098,11.25,2003
60,4.485714286,11.26,2003
1,2.446808511,2.42,2004
2,1.15625,2.42,2004
3,0,2.47,2004
4,0,2.61,2004
5,0,2.61,2004
6,3.53124917,3.84,2004
7,2.772727273,3.87,2004
8,2.014704412,3.87,2004
9,3.357142347,4.35,2004
10,2.625,4.35,2004
11,4.514285714,4.96,2004
12,7.040498442,5.5,2004
13,5.788667688,5.5,2004
14,4.784615385,5.5,2004
15,4.716981132,5.64,2004
16,4.133333333,5.64,2004
17,3.570909091,5.64,2004
18,3.028571429,5.64,2004
19,2.505263158,5.64,2004
20,3.862068966,6.18,2004
21,3.40158371,6.18,2004
22,3.122497773,6.230001,2004
23,4.266447368,6.71,2004
24,3.820737581,6.710001,2004
25,3.484045745,6.740001,2004
26,4.037738994,7.050001,2004
27,4.544424587,7.350001,2004
28,6.540348411,7.890001,2004
29,7.53920386,8.2,2004
30,6.666672619,8.200001,2004
31,5.899452788,8.200001,2004
32,5.147748546,8.2,2004
33,4.709128327,8.200001,2004
34,4.354598166,8.200001,2004
35,4.009263889,8.200001,2004
36,4.797077697,8.610001,2004
37,4.563172777,8.649999,2004
38,4.228167761,8.650001,2004
39,3.901411092,8.650001,2004
40,3.582608189,8.65,2004
41,3.271477896,8.65,2004
42,3.222413413,8.750001,2004
43,3.098995722,8.820001,2004
44,3.252074627,9,2004
45,4.114756557,9.470001,2004
46,5.145467997,9.97,2004
47,5.486329023,10.15,2004
48,4.96656051,10.15,2004
49,4.703477216,10.15,2004
50,4.445305988,10.15,2004
51,4.191950464,10.15,2004
52,4.932522851,10.58,2004
53,4.679324439,10.58,2004
54,4.430722892,10.58,2004
55,4.208960916,10.59,2004
56,3.968929803,10.59,2004
57,3.73313783,10.59,2004
58,3.5014564,10.59,2004
59,3.316995677,10.61,2004
60,3.135714286,10.63,2004
1,2.255319149,2.39,2005
2,6.1,3.37,2005
3,4.593220339,3.44,2005
4,3.55,3.45,2005
5,2.596772581,3.45,2005
6,1.884956434,3.47,2005
7,3.045454545,3.93,2005
8,2.367645588,3.95,2005
9,1.896000634,3.99,2005
10,1.534883721,4,2005
11,1.239179954,4.01,2005
12,1.401785714,4.22,2005
13,1.842450766,4.56,2005
14,1.55794206,4.570001,2005
15,1.263157895,4.57,2005
16,1.392561983,4.77,2005
17,1.415821501,4.92,2005
18,1.358565737,5.03,2005
19,1.225048924,5.1,2005
20,1.884615385,5.58,2005
21,1.892454717,5.710001,2005
22,1.788888889,5.78,2005
23,2.325657895,6.12,2005
24,2.136069114,6.19,2005
25,1.850878947,6.190001,2005
26,3.314465409,6.82,2005
27,3.118801653,6.89,2005
28,2.806517312,6.92,2005
29,2.412650602,6.92,2005
30,2.02970297,6.92,2005
31,3.044921831,7.38,2005
32,2.789982659,7.41,2005
33,2.541825095,7.44,2005
34,2.300188274,7.47,2005
35,1.990050731,7.47,2005
36,2.219378428,7.67,2005
37,2.830325063,8.01,2005
38,2.597147591,8.04,2005
39,2.290492958,8.04,2005
40,2.173916371,8.110001,2005
41,1.977169863,8.140001,2005
42,1.824324324,8.14,2005
43,1.968891959,8.360002,2005
44,1.859649815,8.39,2005
45,1.714285714,8.39,2005
46,1.590248328,8.39,2005
47,1.469146635,8.39,2005
48,1.350877193,8.39,2005
49,1.693640666,8.759999,2005
50,3.812492627,9.879999,2005
51,3.72755418,9.95,2005
52,3.506139201,9.96,2005
53,3.265953801,9.96,2005
54,3.030120482,9.96,2005
55,3.873139268,10.44,2005
56,3.680468904,10.46,2005
57,3.535190616,10.5,2005
58,3.741282678,10.7,2005
59,3.662817003,10.77,2005
60,3.435714286,10.77,2005
1,0,1.68,2006
2,1.46875,2.52,2006
3,1,2.59,2006
4,1.142857143,2.84,2006
5,1.76146741,3.24,2006
6,2.781250342,3.68,2006
7,6.355932203,4.52,2006
8,4.882351471,4.52,2006
9,4.085712735,4.52,2006
10,3.375,4.53,2006
11,2.840816327,4.55,2006
12,2.248,4.55,2006
13,1.820568928,4.55,2006
14,1.515021459,4.55,2006
15,1.221052632,4.55,2006
16,0,4.56,2006
17,1.192697769,4.81,2006
18,1.079681275,4.89,2006
19,1.616438356,5.3,2006
20,1.480769231,5.37,2006
21,2.044117647,5.78,2006
22,1.788888889,5.78,2006
23,1.561818182,5.78,2006
24,1.342857143,5.78,2006
25,1.131578947,5.78,2006
26,0,5.78,2006
27,1.188135593,6.05,2006
28,1.106665,6.119999,2006
29,1.32295082,6.37,2006
30,2.683165347,7.139999,2006
31,2.341797518,7.14,2006
32,4.639690751,8.049999,2006
33,4.309885932,8.06,2006
34,3.960599474,8.06,2006
35,3.620372222,8.06,2006
36,3.288848263,8.06,2006
37,2.965704002,8.06,2006
38,3.853833203,8.51,2006
39,3.5316875,8.509999,2006
40,3.765216726,8.72,2006
41,3.477663641,8.73,2006
42,3.17147708,8.73,2006
43,2.897653609,8.740001,2006
44,2.605310945,8.740001,2006
45,2.319672131,8.74,2006
46,2.074678571,8.740001,2006
47,1.91293526,8.740001,2006
48,1.789474937,8.740001,2006
49,1.668870218,8.740001,2006
50,1.551021408,8.740001,2006
51,1.435835351,8.74,2006
52,1.586592413,8.96,2006
53,1.568272978,9.040001,2006
54,1.456674473,9.04,2006
55,1.521236881,9.190001,2006
56,1.412529636,9.190001,2006
57,1.544218821,9.400001,2006
58,1.448766177,9.41,2006
59,1.344188944,9.41,2006
60,1.989010989,10.09,2006
1,0,2.08,2007
2,8.7,3.63,2007
3,9.038461538,3.94,2007
4,8.333333333,4.1,2007
5,6.37724169,4.1,2007
6,9.244190103,4.64,2007
7,8.728813559,4.8,2007
8,7.8611,4.889999,2007
9,7.595627206,5.05,2007
10,6.048387097,5.05,2007
11,5.404120444,5.13,2007
12,5.015576324,5.24,2007
13,5.022970904,5.4,2007
14,4.4,5.4,2007
15,3.811320755,5.4,2007
16,3.244444444,5.4,2007
17,2.698181818,5.4,2007
18,2.314285714,5.44,2007
19,1.890410959,5.44,2007
20,1.615384615,5.44,2007
21,1.383018868,5.44,2007
22,1.307407407,5.52,2007
23,1.18,5.57,2007
24,2.816414687,6.4,2007
25,2.430851064,6.41,2007
26,4.320754717,7.14,2007
27,4.327479339,7.28,2007
28,3.906313646,7.28,2007
29,3.527108434,7.29,2007
30,3.485148515,7.41,2007
31,3.953124069,7.69,2007
32,3.599234104,7.690001,2007
33,3.254752852,7.69,2007
34,5.975600972,8.599999,2007
35,5.24528633,8.6,2007
36,4.769652651,8.6,2007
37,4.427796545,8.6,2007
38,4.335119728,8.690001,2007
39,4.455985915,8.86,2007
40,4.130436408,8.860001,2007
41,3.812718052,8.860001,2007
42,3.502546689,8.86,2007
43,3.627518769,9.030001,2007
44,3.326701493,9.03,2007
45,3.032786885,9.03,2007
46,2.780847403,9.030001,2007
47,2.533764361,9.030001,2007
48,2.673566879,9.19,2007
49,2.432178467,9.19,2007
50,2.546872937,9.34,2007
51,2.543345975,9.440001,2007
52,2.447856859,9.500001,2007
53,2.285712875,9.53,2007
54,2.826809488,9.870001,2007
55,2.597017008,9.87,2007
56,2.371302431,9.870001,2007
57,2.149562317,9.870001,2007
58,2.498546507,10.13,2007
59,2.2795317,10.13,2007
60,2.064285714,10.13,2007
1,3.914893617,2.65,2008
2,4.526315789,3.17,2008
3,3.220338983,3.17,2008
4,3.85,3.51,2008
5,2.887095161,3.51,2008
6,6.802323959,4.36,2008
7,9.406779661,4.88,2008
8,8.277775,4.94,2008
9,8.989072113,5.22,2008
10,7.903225806,5.28,2008
11,6.592709984,5.28,2008
12,5.482866044,5.3,2008
13,4.619607843,5.3,2008
14,4.169230769,5.34,2008
15,7.185185185,6.01,2008
16,6.428571429,6.07,2008
17,5.265423242,6.07,2008
18,5.056497175,6.2,2008
19,4.715789474,6.27,2008
20,4.379310345,6.33,2008
21,3.910633484,6.33,2008
22,3.824053452,6.44,2008
23,3.378289474,6.44,2008
24,3.205183585,6.52,2008
25,3.132978723,6.63,2008
26,2.937106918,6.7,2008
27,2.529958678,6.7,2008
28,2.134419552,6.7,2008
29,1.913116393,6.730001,2008
30,3.663366337,7.47,2008
31,3.484377457,7.530001,2008
32,3.136806358,7.530001,2008
33,2.88403327,7.560001,2008
34,2.722329529,7.620001,2008
35,2.39815,7.62,2008
36,2.548446069,7.79,2008
37,2.532494104,7.900001,2008
38,2.22281838,7.900001,2008
39,1.957746479,7.9,2008
40,1.925927778,7.990001,2008
41,2.137456304,8.21,2008
42,2.025466893,8.28,2008
43,3.627516252,9.03,2008
44,3.475952736,9.089999,2008
45,3.303278689,9.14,2008
46,3.048699675,9.139999,2008
47,2.847268176,9.160001,2008
48,2.601910828,9.16,2008
49,2.810725893,9.349999,2008
50,2.828124622,9.460001,2008
51,2.705880031,9.509999,2008
52,2.470858445,9.509999,2008
53,2.240117994,9.509999,2008
54,2.013556476,9.510001,2008
55,1.996139381,9.6,2008
56,2.038458495,9.719999,2008
57,2.545454545,10.05,2008
58,2.454941729,10.11,2008
59,2.927946686,10.43,2008
60,2.835714286,10.49,2008
1,3.85106383,2.64,2009
2,3.421052632,2.96,2009
3,2.152542373,2.96,2009
4,1.542857143,2.98,2009
5,11.4374893,4.58,2009
6,14.81707949,4.99,2009
7,13.03571429,5.12,2009
8,9.777775,5.12,2009
9,11.4661705,5.43,2009
10,14.94505495,5.84,2009
11,12.11267606,5.84,2009
12,11.28205128,5.96,2009
13,12.68703899,6.22,2009
14,10.15592516,6.23,2009
15,9.62962963,6.34,2009
16,8.61516035,6.37,2009
17,8.708751793,6.55,2009
18,7.598870056,6.56,2009
19,6.45340751,6.56,2009
20,5.753424658,6.62,2009
21,5.465587045,6.72,2009
22,4.792873051,6.73,2009
23,6.815203145,7.21,2009
24,6.718346253,7.34,2009
25,5.796178344,7.34,2009
26,4.949685535,7.34,2009
27,8.488228005,8.06,2009
28,7.579462103,8.06,2009
29,7.418576598,8.18,2009
30,6.726196429,8.210001,2009
31,9.375496367,8.790001,2009
32,8.588649711,8.790001,2009
33,7.990767898,8.820001,2009
34,8.605181864,9.06,2009
35,9.603774333,9.370001,2009
36,14.28572674,9.920001,2009
37,17.50821211,10.32,2009
38,15.77802778,10.32,2009
39,14.32038835,10.34,2009
40,15.65506509,10.59,2009
41,13.98463411,10.59,2009
42,12.57886435,10.61,2009
43,19.29090383,11.32,2009
44,18.32990778,11.38,2009
45,16.69230769,11.38,2009
46,17.6147965,11.59,2009
47,16.81472429,11.65,2009
48,15.34090909,11.65,2009
49,19.648252,12.16,2009
50,22.78747356,12.57,2009
51,24.8880597,12.89,2009
52,23.40349457,12.89,2009
53,22.59849705,12.95,2009
54,25.47169811,13.32,2009
55,29.84381299,13.64,2009
56,28.57136202,13.72,2009
57,25.46296296,13.72,2009
58,29.29454204,14.02,2009
59,28.04871356,14.1,2009
60,25.22727273,14.11,2009
1,4.808510638,2.79,2010
2,9.5,3.71,2010
3,8.75,3.91,2010
4,11.34615385,4.35,2010
5,11.4374893,4.58,2010
6,9.680237628,4.69,2010
7,10,4.95,2010
8,9.277775,5.06,2010
9,8.251365986,5.13,2010
10,8.548387097,5.36,2010
11,7.385103011,5.38,2010
12,10.16025641,5.89,2010
13,11.10642782,6.12,2010
14,10,6.22,2010
15,11.69230769,6.5,2010
16,12.58097166,6.73,2010
17,10.2997003,6.75,2010
18,12.95856509,7.099999,2010
19,10.87633885,7.13,2010
20,9.383561644,7.15,2010
21,8.569500675,7.18,2010
22,7.579787234,7.18,2010
23,6.684141547,7.19,2010
24,6.007751938,7.23,2010
25,5.286624204,7.26,2010
26,4.698113208,7.26,2010
27,4.265495868,7.26,2010
28,4.089613035,7.34,2010
29,7.720144753,8.23,2010
30,9.464291667,8.670001,2010
31,10.05215657,8.900001,2010
32,10.87830408,9.100001,2010
33,12.07337884,9.33,2010
34,17.68601131,9.910001,2010
35,18.79890206,10.14,2010
36,18.89534884,10.29,2010
37,19.85452839,10.51,2010
38,20.55225576,10.71,2010
39,20.99514563,10.89,2010
40,22.03205339,11.12,2010
41,20.9040586,11.17,2010
42,22.98895899,11.49,2010
43,21.75440106,11.53,2010
44,22.51812957,11.74,2010
45,21.19230769,11.77,2010
46,19.68113358,11.77,2010
47,18.18527571,11.77,2010
48,16.70454545,11.77,2010
49,17.83919768,12,2010
50,17.72499888,12.12,2010
51,22.31343284,12.66,2010
52,23.40349457,12.89,2010
53,22.15514948,12.91,2010
54,24.55882353,13.26,2010
55,23.42685818,13.29,2010
56,22.63347023,13.35,2010
57,22.7173913,13.49,2010
58,21.82694388,13.54,2010
59,20.72964962,13.57,2010
60,19.32142857,13.57,2010
1,0,2.08,2011
2,1.5625,2.55,2011
3,1.558823529,2.78,2011
4,2.55,3.25,2011
5,1.788990295,3.25,2011
6,1.592920518,3.36,2011
7,1.333333333,3.44,2011
8,2.941175,4.08,2011
9,4.21428398,4.55,2011
10,3.458333333,4.55,2011
11,3.289795918,4.66,2011
12,2.688,4.66,2011
13,3.168627451,4.93,2011
14,3.976919231,5.289999,2011
15,3.886792453,5.42,2011
16,3.392592593,5.44,2011
17,2.843636364,5.44,2011
18,2.707142857,5.55,2011
19,2.189473684,5.55,2011
20,1.846153846,5.56,2011
21,1.609432075,5.559999,2011
22,2.020044543,5.9,2011
23,2.029605263,6.03,2011
24,2.978401728,6.45,2011
25,2.558510638,6.45,2011
26,2.308176101,6.5,2011
27,1.96779661,6.51,2011
28,1.79,6.53,2011
29,1.7,6.6,2011
30,1.677419355,6.71,2011
31,1.534392063,6.73,2011
32,1.880209375,7.06,2011
33,1.707692308,7.06,2011
34,1.616162121,7.11,2011
35,1.467663385,7.120001,2011
36,1.338235294,7.14,2011
37,1.792271014,7.56,2011
38,1.733332857,7.63,2011
39,1.591550704,7.640001,2011
40,1.495370833,7.68,2011
41,1.360731507,7.690001,2011
42,1.22972973,7.7,2011
43,1.315556421,7.870001,2011
44,1.201754213,7.89,2011
45,1.181818182,7.98,2011
46,1.089821681,8.000001,2011
47,1.291630424,8.249999,2011
48,1.626567669,8.610001,2011
49,1.668870218,8.740001,2011
50,1.575511194,8.760001,2011
51,1.484261501,8.78,2011
52,1.49082342,8.880001,2011
53,1.805052399,9.240001,2011
54,1.843093677,9.370002,2011
55,1.752896044,9.39,2011
56,1.641712131,9.390001,2011
57,1.657597506,9.500001,2011
58,1.852655848,9.770001,2011
59,1.766098831,9.790002,2011
60,1.692306593,9.819999,2011
1,0,1.83,2012
2,1.90625,2.66,2012
3,2.661016949,3.06,2012
4,2.8,3.3,2012
5,1.954127607,3.31,2012
6,1.51327436,3.33,2012
7,1.435897436,3.48,2012
8,1.338843242,3.6,2012
9,2.328572388,4.11,2012
10,4.125,4.71,2012
11,3.616326531,4.74,2012
12,3.768,4.93,2012
13,3.28627451,4.96,2012
14,2.707692308,4.96,2012
15,4.452830189,5.57,2012
16,4.281481481,5.68,2012
17,4.116363636,5.79,2012
18,3.957142857,5.9,2012
19,6.105702364,6.51,2012
20,5.068493151,6.52,2012
21,4.623303167,6.54,2012
22,4.659246102,6.690001,2012
23,4.595394737,6.81,2012
24,4.144708423,6.81,2012
25,3.707446809,6.81,2012
26,3.377358491,6.84,2012
27,3.180782025,6.909999,2012
28,2.959266802,6.97,2012
29,3.286144578,7.21,2012
30,6.071428571,8.1,2012
31,5.604866932,8.15,2012
32,4.928713873,8.150001,2012
33,4.709125475,8.2,2012
34,4.382737915,8.21,2012
35,4.092594444,8.23,2012
36,4.166361974,8.38,2012
37,4.157038667,8.5,2012
38,3.853833203,8.51,2012
39,3.558098592,8.52,2012
40,3.973912197,8.8,2012
41,3.967354783,8.92,2012
42,3.782682513,8.97,2012
43,4.936239986,9.55,2012
44,5.454233388,9.79,2012
45,5.051546392,9.84,2012
46,4.753247565,9.84,2012
47,4.487134286,9.840001,2012
48,4.679936306,10.03,2012
49,4.585180407,10.1,2012
50,4.445305988,10.15,2012
51,4.215170279,10.16,2012
52,3.966262959,10.16,2012
53,3.721879813,10.16,2012
54,3.481927711,10.16,2012
55,3.335824632,10.2,2012
56,3.103547108,10.2,2012
57,3.095307918,10.3,2012
58,3.392444455,10.54,2012
59,3.165698847,10.54,2012
60,2.942857143,10.54,2012
1,0,1.6,2013
2,0,2.01,2013
3,0,2.17,2013
4,1.171428571,2.85,2013
5,0,2.85,2013
6,0,2.89,2013
7,0,3.17,2013
8,0,3.33,2013
9,1.94400071,4.01,2013
10,1.558139535,4.01,2013
11,1.580865604,4.16,2013
12,1.290178571,4.17,2013
13,1.098468271,4.22,2013
14,0,4.29,2013
15,0,4.350001,2013
16,0,4.520001,2013
17,1.963490872,5.190001,2013
18,1.697209163,5.199999,2013
19,1.420745597,5.200001,2013
20,1.173076923,5.21,2013
21,1.496226415,5.5,2013
22,1.27037037,5.5,2013
23,1.070910909,5.510001,2013
24,0,5.559999,2013
25,0,5.560001,2013
26,0,5.640001,2013
27,0,5.799999,2013
28,1.106666667,6.12,2013
29,0,6.12,2013
30,0,6.12,2013
31,0,6.28,2013
32,0,6.28,2013
33,0,6.35,2013
34,1.02525303,6.72,2013
35,1.064676216,6.85,2013
36,1.647058824,7.35,2013
37,1.531401449,7.38,2013
38,1.376191429,7.380001,2013
39,1.704226761,7.720001,2013
40,1.689815278,7.82,2013
41,1.716894521,7.95,2013
42,1.594594595,7.97,2013
43,2.39429581,8.54,2013
44,2.953567164,8.88,2013
45,2.909833607,8.979999,2013
46,2.975647727,9.109999,2013
47,2.77491873,9.13,2013
48,2.840764331,9.26,2013
49,3.331234222,9.57,2013
50,3.179679266,9.609998,2013
51,3.193493808,9.719998,2013
52,3.73620108,10.06,2013
53,3.721879813,10.16,2013
54,3.77560241,10.29,2013
55,3.582093841,10.31,2013
56,3.835794003,10.53,2013
57,4.085043988,10.75,2013
58,4.395354347,11,2013
59,4.159935159,11,2013
60,4.014285714,11.04,2013
1,0,2,2014
2,3.210526316,2.92,2014
3,2.86440678,3.1,2014
4,2.65,3.27,2014
5,1.899081837,3.29,2014
6,1.778761555,3.43,2014
7,1.461538462,3.49,2014
8,1.165289809,3.53,2014
9,1.031999251,3.63,2014
10,4.75,4.86,2014
11,4.840816327,5.04,2014
12,4.288,5.06,2014
13,3.71765098,5.070001,2014
14,9.021084337,6.09,2014
15,9.111111111,6.27,2014
16,8.469387755,6.35,2014
17,7.417503587,6.37,2014
18,6.963276836,6.47,2014
19,5.96662726,6.490001,2014
20,5.821917808,6.63,2014
21,5.398110661,6.71,2014
22,4.993318486,6.79,2014
23,5.111402359,6.95,2014
24,8.333333333,7.59,2014
25,13.30277982,8.240002,2014
26,11.2,8.24,2014
27,9.665427509,8.25,2014
28,14.87501775,8.820001,2014
29,21.44247788,9.47,2014
30,20.39473684,9.55,2014
31,18.52546777,9.55,2014
32,18.36970833,9.68,2014
33,17.57679181,9.76,2014
34,16.67135803,9.830001,2014
35,15.65643255,9.89,2014
36,14.03655731,9.900001,2014
37,13.18605053,9.97,2014
38,12.22796082,10.03,2014
39,10.55825243,10.03,2014
40,9.51438814,10.03,2014
41,13.26883157,10.53,2014
42,11.63249211,10.53,2014
43,10.02346188,10.53,2014
44,10.88418016,10.74,2014
45,10.11538462,10.81,2014
46,9.712433411,10.87,2014
47,9.383756721,10.93,2014
48,8.769685039,10.93,2014
49,10.48991452,11.35,2014
50,9.697466226,11.37,2014
51,9.435028249,11.44,2014
52,9.41211688,11.56,2014
53,9.618682847,11.73,2014
54,10.22058824,11.96,2014
55,9.881291506,12.04,2014
56,9.546264908,12.09,2014
57,9.003466205,12.09,2014
58,8.859741393,12.18,2014
59,9.479470903,12.45,2014
60,9.291666667,12.53,2014
1,3.021276596,2.51,2015
2,1.71875,2.6,2015
3,4.389830508,3.4,2015
4,4.45,3.63,2015
5,3.903224194,3.72,2015
6,2.968750049,3.72,2015
7,2.227272727,3.75,2015
8,1.710743453,3.75,2015
9,1.728000365,3.92,2015
10,1.465116279,3.97,2015
11,1.148063781,3.97,2015
12,0,3.99,2015
13,1.054704595,4.2,2015
14,1.193133047,4.4,2015
15,1.389475789,4.630001,2015
16,1.123966942,4.64,2015
17,0,4.65,2015
18,0,4.66,2015
19,0,4.670001,2015
20,0,4.67,2015
21,0,4.69,2015
22,0,4.69,2015
23,0,4.69,2015
24,0,4.69,2015
25,0,4.69,2015
26,0,4.860001,2015
27,0,5.090001,2015
28,0,5.69,2015
29,0,5.920001,2015
30,0,5.920001,2015
31,0,5.940001,2015
32,0,5.94,2015
33,0,5.95,2015
34,0,5.950001,2015
35,0,5.970001,2015
36,0,6.150001,2015
37,0,6.150001,2015
38,0,6.17,2015
39,0,6.170001,2015
40,0,6.170001,2015
41,0,6.200001,2015
42,0,6.210001,2015
43,0,6.49,2015
44,0,6.55,2015
45,0,7.54,2015
46,0,7.760001,2015
47,1.519866458,8.430001,2015
48,1.689223058,8.66,2015
49,1.842278217,8.879999,2015
50,1.722448685,8.88,2015
51,1.629541162,8.900001,2015
52,1.514765968,8.900001,2015
53,1.402527384,8.900001,2015
54,1.292741218,8.900001,2015
55,1.185328257,8.9,2015
56,1.080213873,8.9,2015
57,0,8.900001,2015
58,0,8.900001,2015
59,0,8.900001,2015
60,0,8.900001,2015
1,0,1.62,2016
2,0,1.77,2016
3,0,1.78,2016
4,0,2.47,2016
5,0,2.47,2016
6,0,2.82,2016
7,0,3.16,2016
8,0,3.16,2016
9,0,3.33,2016
10,0,3.33,2016
11,0,3.33,2016
12,0,3.54,2016
13,0,3.97,2016
14,0,4.04,2016
15,0,4.21,2016
16,0,4.21,2016
17,0,4.35,2016
18,0,4.39,2016
19,0,4.85,2016
20,0,4.85,2016
21,0,4.86,2016
22,0,5.31,2016
23,0,5.320001,2016
24,0,5.320001,2016
25,0,5.370001,2016
26,0,5.690001,2016
27,0,5.73,2016
28,1.223333333,6.19,2016
29,1.044263934,6.200001,2016
30,0,6.200001,2016
31,0,6.21,2016
32,1.114585938,6.570001,2016
33,0,6.58,2016
34,0,6.610001,2016
35,0,6.73,2016
36,1.470588235,7.23,2016
37,2.749100407,7.980001,2016
38,2.436722314,7.980001,2016
39,2.132044894,7.980001,2016
40,1.995372222,8.040001,2016
41,2.524057151,8.360001,2016
42,2.331072156,8.400001,2016
43,3.199666779,8.860001,2016
44,2.903820896,8.860002,2016
45,2.614759016,8.860002,2016
46,2.415587662,8.880001,2016
47,2.557882451,9.040002,2016
48,2.339171975,9.05,2016
49,2.645115091,9.280001,2016
50,2.687502295,9.400002,2016
51,2.450466718,9.400001,2016
52,2.21779728,9.400002,2016
53,2.034955847,9.420001,2016
54,2.533134789,9.740001,2016
55,2.305976058,9.740002,2016
56,2.082841532,9.740001,2016
57,1.929706349,9.740001,2016
58,1.818999591,9.740002,2016
59,2.063393372,10.03,2016
60,1.923076923,10.03,2016
1,0,1.7,2017
2,0,2.14,2017
3,0,2.38,2017
4,1.2,2.86,2017
5,1.348624131,3.09,2017
6,1.699115397,3.4,2017
7,1.230769231,3.4,2017
8,2.367645588,3.95,2017
9,2.628571959,4.18,2017
10,3.208333333,4.49,2017
11,2.718367347,4.52,2017
12,3.008,4.74,2017
13,3.403921569,4.99,2017
14,2.823076923,4.99,2017
15,2.264150943,4.99,2017
16,1.847107438,4.99,2017
17,5.193687231,6.06,2017
18,4.635714286,6.09,2017
19,4.856140351,6.31,2017
20,5.342465753,6.56,2017
21,4.691176471,6.56,2017
22,4.224944321,6.56,2017
23,3.773026316,6.56,2017
24,3.334773218,6.56,2017
25,3.45212766,6.73,2017
26,3.062893082,6.74,2017
27,2.65392562,6.74,2017
28,2.592668024,6.85,2017
29,2.533135542,6.960001,2017
30,2.861386139,7.2,2017
31,2.576172289,7.22,2017
32,4.263973988,7.920001,2017
33,3.91064924,7.920001,2017
34,3.8761746,8.030001,2017
35,3.537038889,8.03,2017
36,5.201788117,8.719999,2017
37,4.833933363,8.75,2017
38,5.17229074,8.97,2017
39,5.83877451,9.219999,2017
40,5.143881398,9.22,2017
41,4.94673449,9.299999,2017
42,4.674026316,9.320001,2017
43,4.407719457,9.340001,2017
44,4.197350746,9.380001,2017
45,3.94262541,9.400001,2017
46,4.290585227,9.65,2017
47,4.511247552,9.85,2017
48,4.369426752,9.9,2017
49,4.703477216,10.15,2017
50,4.914054889,10.35,2017
51,5.38606403,10.58,2017
52,4.932522851,10.58,2017
53,4.930083746,10.69,2017
54,5.081227437,10.85,2017
55,4.8582161,10.88,2017
56,5.19904976,11.1,2017
57,5.797227036,11.35,2017
58,5.31073084,11.35,2017
59,4.916419308,11.35,2017
60,4.678571429,11.35,2017
